CRASH_ID,UNIT_NBR,UNIT_DESC_ID,VEH_PARKED_FL,VEH_HNR_FL,VEH_LIC_STATE_ID,VIN,VEH_MOD_YEAR,VEH_COLOR_ID,VEH_MAKE_ID,VEH_MOD_ID,VEH_BODY_STYL_ID,EMER_RESPNDR_FL,OWNR_ZIP,FIN_RESP_PROOF_ID,FIN_RESP_TYPE_ID,VEH_DMAG_AREA_1_ID,VEH_DMAG_SCL_1_ID,FORCE_DIR_1_ID,VEH_DMAG_AREA_2_ID,VEH_DMAG_SCL_2_ID,FORCE_DIR_2_ID,VEH_INVENTORIED_FL,VEH_TRANSP_NAME,VEH_TRANSP_DEST,CONTRIB_FACTR_1_ID,CONTRIB_FACTR_2_ID,CONTRIB_FACTR_P1_ID,VEH_TRVL_DIR_ID,FIRST_HARM_EVT_INV_ID,INCAP_INJRY_CNT,NONINCAP_INJRY_CNT,POSS_INJRY_CNT,NON_INJRY_CNT,UNKN_INJRY_CNT,TOT_INJRY_CNT,DEATH_CNT
14966103,2,MOTOR VEHICLE,N,N,TX,JKBZXJC106A034719,2006,BLU,KAWASAKI,NA,MOTORCYCLE,N,77095,1,PROOF OF LIABILITY INSURANCE,DISTRIBUTED LEFT SIDE DAMAGE PARALLEL IMPACT,DAMAGED 3,NA,DISTRIBUTED RIGHT SIDE DAMAGE PARALLEL IMPACT,DAMAGED 3,NA,N,WESTWAY TOWING,"940 HWY 6 SOUTH HOUSTON, TX 77079",CHANGED LANE WHEN UNSAFE,NA,SPEEDING - (OVERLIMIT),NORTH,Y,0,1,0,0,0,1,0
14914416,1,MOTOR VEHICLE,N,N,TX,1HD1GDV122Y306161,2002,BLU,HARLEY-DAVIDSON,UNKNOWN,MOTORCYCLE,N,78501,2,NA,"MOTORCYCLE, SCOOTER, MOPED, ETC. ONLY",DAMAGED 1 MINIMUM,NA,"MOTORCYCLE, SCOOTER, MOPED, ETC. ONLY",DAMAGED 1 MINIMUM,9,N,BRONCO,10213 N. 25TH ST MCALLEN TX 78504,FAILED TO CONTROL SPEED,NA,NA,NORTHWEST,Y,1,0,0,0,0,1,0
14938064,1,MOTOR VEHICLE,N,N,TX,JKAZX4R179A013111,NA,BLK,KAWASAKI,NA,MOTORCYCLE,N,79916,1,PROOF OF LIABILITY INSURANCE,RIGHT SIDE DAMAGE ANGULAR IMPACT,DAMAGED 2,3,LEFT SIDE DAMAGE ANGULAR IMPACT,DAMAGED 2,9,N,DEPENDABLE TOWING,11052 MIRAGE,OTHER (EXPLAIN IN NARRATIVE),NA,DRIVER INATTENTION,EAST,Y,0,0,1,0,0,1,0
14970407,2,MOTOR VEHICLE,N,N,TX,JS1GN7EA082108333,NA,BLK,SUZUKI,NA,MOTORCYCLE,N,78521,2,NA,"MOTORCYCLE, SCOOTER, MOPED, ETC. ONLY",DAMAGED 1 MINIMUM,12,NA,NA,NA,N,LUPES WRECKER,6217 PADRE ISLAND HWY B'VILLE TX 78521,NA,NA,SPEEDING - (OVERLIMIT),EAST,Y,1,0,0,0,0,1,0
14948767,2,MOTOR VEHICLE,N,N,TX,JKBZXNC149A011682,NA,BLK,KAWASAKI,NA,MOTORCYCLE,N,79936,1,PROOF OF LIABILITY INSURANCE,RIGHT SIDE DAMAGE ANGULAR IMPACT,DAMAGED 2,3,NA,NA,NA,N,DRIVER,TRAFFIC,NONE,NA,NA,NORTHWEST,Y,0,0,1,0,0,1,0
14915359,2,MOTOR VEHICLE,N,N,TX,JKAZXCE168A003569,NA,GRN,KAWASAKI,NA,MOTORCYCLE,N,77338,1,LIABILITY INSURANCE POLICY,FRONT END (LEFT) DAMAGE PARTIAL CONTACT,DAMAGED 1 MINIMUM,11,NA,NA,NA,N,"","",NONE,NA,NA,SOUTH,Y,0,0,0,1,0,0,0
14901157,2,MOTOR VEHICLE,N,N,TX,JKAEXMJ15CDA99277,NA,RED,KAWASAKI,UNKNOWN,MOTORCYCLE,Y,79762,1,PROOF OF LIABILITY INSURANCE,FRONT END DAMAGE DISTRIBUTED IMPACT,DAMAGED 6,12,NA,NA,NA,N,NEAL POOL,"2714 KEYSTONE, ODESSA TX",NONE,NA,NA,SOUTH,Y,1,0,0,0,0,1,0
14994620,2,MOTOR VEHICLE,N,N,TX,ZJTFRH00W0077893,1998,BLK,OTHER (EXPLAIN IN NARRATIVE),OTHER (EXPLAIN IN NARRATIVE),MOTORCYCLE,N,75205,2,NA,"MOTORCYCLE, SCOOTER, MOPED, ETC. ONLY",DAMAGED 1 MINIMUM,12,NA,NA,NA,N,"","",NONE,NA,NA,WEST,Y,0,1,0,0,0,1,0
15002773,1,MOTOR VEHICLE,N,N,TX,1HFSC3905XA101761,1999,BLK,HONDA,UNKNOWN,MOTORCYCLE,N,75670,1,PROOF OF LIABILITY INSURANCE,DISTRIBUTED RIGHT SIDE DAMAGE PARALLEL IMPACT,DAMAGED 3,1,NA,NA,NA,N,RELEASED AT SCENE,"",OTHER (EXPLAIN IN NARRATIVE),NA,NA,SOUTHWEST,Y,1,0,0,0,0,1,0
15025146,2,MOTOR VEHICLE,N,N,TX,SJN548791B1388100,2000,BLU,HARLEY-DAVIDSON,NA,MOTORCYCLE,N,78550,2,NA,LEFT SIDE DAMAGE ANGULAR IMPACT,DAMAGED 1 MINIMUM,9,NA,NA,NA,N,DOUBLE A WRECKER,"502 W JACKSON, HARLINGEN",NONE,NA,NA,SOUTHEAST,Y,1,0,0,0,0,1,0
15042729,2,MOTOR VEHICLE,Y,N,TX,4K7S81358YC009326,2002,WHI,UNKNOWN,UNKNOWN,MOTORCYCLE,N,77520,1,PROOF OF LIABILITY INSURANCE,RIGHT SIDE DAMAGE ANGULAR IMPACT,DAMAGED 2,9,LEFT SIDE DAMAGE ANGULAR IMPACT,DAMAGED 2,9,N,"","",NONE,NA,NA,NORTH,N,0,0,0,0,0,0,0
15013044,1,MOTOR VEHICLE,N,N,TX,1HFSC2200WA000579,1998,ONG,HONDA,UNKNOWN,MOTORCYCLE,N,75670,1,PROOF OF LIABILITY INSURANCE,"MOTORCYCLE, SCOOTER, MOPED, ETC. ONLY",DAMAGED 1 MINIMUM,NA,NA,NA,NA,N,COLE'S WRECKER (903)935-1140,"511 E. TRAVIS ST., MARSHALL, TX",UNDER INFLUENCE - ALCOHOL,UNDER INFLUENCE - DRUG,NA,EAST,Y,1,0,0,0,0,1,0
15522975,2,MOTOR VEHICLE,N,N,TX,JS1VP53A962105856,2006,RED,SUZUKI,NA,MOTORCYCLE,N,78756,1,LIABILITY INSURANCE POLICY,FRONT END DAMAGE CONCENTRATED IMPACT,DAMAGED 4,12,DISTRIBUTED RIGHT SIDE DAMAGE PARALLEL IMPACT,DAMAGED 4,3,Y,AVILES & GABES WRECKER SERVICE INC.,AVILES & GABES WRECKER SERVICE INC.,NONE,NA,NA,EAST,Y,0,0,1,0,0,1,0
15131346,1,MOTOR VEHICLE,N,N,TX,JH2RC50739K000737,NA,BLK,HONDA,UNKNOWN,MOTORCYCLE,N,"",1,LIABILITY INSURANCE POLICY,LEFT SIDE DAMAGE ANGULAR IMPACT,DAMAGED 3,9,RIGHT SIDE DAMAGE ANGULAR IMPACT,DAMAGED 1 MINIMUM,3,N,OWNER,LEFT LEGALLY PARKED,PASSED ON RIGHT SHOULDER,NA,NA,NORTH,Y,0,0,1,0,0,1,0
15037132,1,MOTOR VEHICLE,N,N,TX,JKAEXEE19GDA20974,NA,RED,KAWASAKI,NA,MOTORCYCLE,N,75243,1,PROOF OF LIABILITY INSURANCE,"MOTORCYCLE, SCOOTER, MOPED, ETC. ONLY",DAMAGED 1 MINIMUM,NA,NA,NA,NA,Y,JORDAN TOWING,"601 DIGITAL, PLANO, TX 75075",UNSAFE SPEED,NA,NA,NORTHWEST,Y,1,0,0,0,0,1,0
15207177,2,MOTOR VEHICLE,N,N,TX,JYAVP27E5AA012537,NA,RED,YAMAHA,NA,MOTORCYCLE,N,77024,1,PROOF OF LIABILITY INSURANCE,"MOTORCYCLE, SCOOTER, MOPED, ETC. ONLY",DAMAGED 1 MINIMUM,NA,NA,NA,NA,Y,ALIEF TOWING,1700 BRITTMOORE,NONE,NA,NA,EAST,Y,1,0,0,0,0,1,0
15247606,1,MOTOR VEHICLE,N,N,TX,JS1VP52A222102907,2002,SIL,SUZUKI,NA,MOTORCYCLE,N,78232,1,PROOF OF LIABILITY INSURANCE,"MOTORCYCLE, SCOOTER, MOPED, ETC. ONLY",DAMAGED 1 MINIMUM,9,NA,NA,NA,N,RELEASED TO OWNER,RELEASED TO OWNER,FAILED TO CONTROL SPEED,NA,UNSAFE SPEED,WEST,Y,0,1,0,0,0,1,0
15237398,1,MOTOR VEHICLE,N,N,TX,JH2RC50064M001509,2004,BLK,HONDA,UNKNOWN,MOTORCYCLE,N,77510,1,LIABILITY INSURANCE POLICY,DISTRIBUTED RIGHT SIDE DAMAGE PARALLEL IMPACT,DAMAGED 1 MINIMUM,3,NA,NA,NA,Y,MCH WRECKER SERVICE,WRECKER LOT,FAILED TO CONTROL SPEED,NA,NA,NORTH,Y,1,0,0,0,0,1,0
15243364,1,MOTOR VEHICLE,N,N,TX,JKAZXCJ14FA026156,NA,GRY,KAWASAKI,NA,MOTORCYCLE,N,77026,1,LIABILITY INSURANCE POLICY,"MOTORCYCLE, SCOOTER, MOPED, ETC. ONLY",DAMAGED 1 MINIMUM,NA,NA,NA,NA,N,APPLE TOWING,1301 DART ST,UNDER INFLUENCE - ALCOHOL,NA,NA,EAST,Y,0,0,0,0,0,0,1
15300277,1,MOTOR VEHICLE,N,N,TX,JH2SC50062M008622,2002,MUL,HONDA,NA,MOTORCYCLE,N,76021,1,LIABILITY INSURANCE POLICY,"MOTORCYCLE, SCOOTER, MOPED, ETC. ONLY",DAMAGED 1 MINIMUM,NA,VEHICLE BURNED,DAMAGED 1 MINIMUM,NA,Y,JOE HILL'S WRECKER SERVICE,"1104 SH 155 S BIG SANDY, TX 75755",SPEEDING - (OVERLIMIT),NA,UNDER INFLUENCE - DRUG,NORTH,Y,1,0,0,0,0,1,0
15226505,1,MOTOR VEHICLE,N,N,TX,JH2PC40087M000478,2007,WHI,HONDA,NA,MOTORCYCLE,N,75935,1,PROOF OF LIABILITY INSURANCE,FRONT END (RIGHT)  DAMAGE PARTIAL CONTACT,DAMAGED 2,1,NA,NA,NA,N,"","",UNSAFE SPEED,OTHER (EXPLAIN IN NARRATIVE),NA,SOUTHWEST,Y,0,0,1,0,0,1,0
15309478,1,MOTOR VEHICLE,N,N,TX,JH2SC570X4M000208,2004,SIL,HONDA,NA,MOTORCYCLE,N,77803,1,LIABILITY INSURANCE POLICY,FRONT END DAMAGE DISTRIBUTED IMPACT,DAMAGED 4,12,NA,NA,NA,Y,SOUTHSIDE WRECKER INC,SOUTHSIDE WRECKER INC,FAILED TO CONTROL SPEED,HAD BEEN DRINKING,NA,SOUTH,Y,0,0,1,0,0,1,0
15431850,1,MOTOR VEHICLE,N,N,TX,WB10597017ZN47096,2007,GRY,BMW,F SERIES,MOTORCYCLE,N,75228,1,PROOF OF LIABILITY INSURANCE,"MOTORCYCLE, SCOOTER, MOPED, ETC. ONLY",DAMAGED 1 MINIMUM,12,NA,NA,NA,Y,S & N TOWING,"442 BALCONES DR., FREDERICKSBURG, TX",ANIMAL ON ROAD- WILD,UNDER INFLUENCE - ALCOHOL,NA,WEST,Y,0,1,0,0,0,1,0
15350686,2,MOTOR VEHICLE,N,N,TX,56KCCDAA8G3330233,NA,BLK,INDIAN,NA,MOTORCYCLE,N,78073,1,PROOF OF LIABILITY INSURANCE,"MOTORCYCLE, SCOOTER, MOPED, ETC. ONLY",DAMAGED 1 MINIMUM,NA,NA,NA,NA,N,"","",NONE,NA,NA,WEST,Y,0,0,1,0,0,1,0
15471307,1,MOTOR VEHICLE,N,N,TX,JYARJ06E94A013073,2004,BLK,YAMAHA,NA,MOTORCYCLE,N,75160,2,NA,FRONT END DAMAGE DISTRIBUTED IMPACT,DAMAGED 4,12,DISTRIBUTED LEFT SIDE DAMAGE PARALLEL IMPACT,DAMAGED 3,9,Y,CONTRACT WRECKER,"1955 VILBIG RD, DALLAS, TEXAS",FAILED TO CONTROL SPEED,NA,NA,WEST,Y,0,0,1,0,0,1,0
15487934,1,MOTOR VEHICLE,N,N,TX,JH2SC57087M304643,2007,BLK,HONDA,NA,MOTORCYCLE,N,76621,1,PROOF OF LIABILITY INSURANCE,FRONT END DAMAGE DISTRIBUTED IMPACT,DAMAGED 6,12,NA,NA,NA,N,CATHEY TOWING,2806 LAWING LN #C,SPEEDING - (OVERLIMIT),CHANGED LANE WHEN UNSAFE,OTHER (EXPLAIN IN NARRATIVE),WEST,Y,1,0,0,0,0,1,0
15513712,1,MOTOR VEHICLE,N,N,TX,JKAZX4P117A011497,2007,SIL,KAWASAKI,NA,MOTORCYCLE,Y,77377,2,NA,BACK END DAMAGE CONCENTRATED IMPACT,DAMAGED 1 MINIMUM,6,LEFT SIDE DAMAGE ANGULAR IMPACT,DAMAGED 5,9,N,"",LEFT AT SCENE,OTHER (EXPLAIN IN NARRATIVE),NA,FAILED TO CONTROL SPEED,SOUTH,Y,0,0,1,0,0,1,0
15529740,2,MOTOR VEHICLE,N,N,TX,JS1GN7DA972121727,2007,RED,SUZUKI,NA,MOTORCYCLE,N,78572,1,PROOF OF LIABILITY INSURANCE,BACK END DAMAGE DISTRIBUTED IMPACT,DAMAGED 1 MINIMUM,6,NA,NA,NA,N,"","",NONE,NA,NA,WEST,Y,0,0,0,1,0,0,0
15379778,1,MOTOR VEHICLE,N,N,TX,1HD1PLF165Y951327,2005,BLU,HARLEY-DAVIDSON,NA,MOTORCYCLE,N,78211,1,PROOF OF LIABILITY INSURANCE,FRONT END DAMAGE CONCENTRATED IMPACT,DAMAGED 2,12,NA,NA,NA,N,"","",NONE,NA,NA,SOUTHWEST,Y,0,1,0,0,0,1,0
14874290,2,MOTOR VEHICLE,N,N,TX,1HD1TAN14FB957441,NA,BLU,HARLEY-DAVIDSON,NA,MOTORCYCLE,N,77303,1,PROOF OF LIABILITY INSURANCE,"MOTORCYCLE, SCOOTER, MOPED, ETC. ONLY",DAMAGED 1 MINIMUM,6,NA,NA,NA,N,"","",NONE,NA,NA,SOUTHWEST,Y,0,0,0,1,0,0,0
14987085,1,MOTOR VEHICLE,N,N,TX,JH2MF0205HK102771,1987,YEL,HONDA,NA,MOTORCYCLE,N,79510,2,NA,"MOTORCYCLE, SCOOTER, MOPED, ETC. ONLY",DAMAGED 1 MINIMUM,12,NA,NA,NA,N,PUSHED AWAY BY OWNER,"",FAILED TO YIELD ROW - PRIVATE DRIVE,NA,NA,WEST,Y,0,0,1,0,0,1,0
14930521,1,MOTOR VEHICLE,N,N,TX,SMT600FM11J120729,2001,BLU,NA,NA,MOTORCYCLE,N,78737,1,LIABILITY INSURANCE POLICY,"MOTORCYCLE, SCOOTER, MOPED, ETC. ONLY",DAMAGED 1 MINIMUM,12,NA,NA,NA,N,SOUTHSIDE WRECKER INC,SOUTHSIDE WRECKER INC,FAILED TO CONTROL SPEED,DISREGARD TURN MARKS AT INTERSECTION,NA,WEST,Y,1,0,0,0,0,1,0
14948238,1,MOTOR VEHICLE,N,N,TX,3H1HF03077D200521,2007,GRY,HONDA,UNKNOWN,MOTORCYCLE,N,78521,1,LIABILITY INSURANCE POLICY,FRONT END DAMAGE DISTRIBUTED IMPACT,DAMAGED 1 MINIMUM,12,NA,NA,NA,N,PUSHED BY MASSO DOEL,1101 E. ADAMS,FAILED TO CONTROL SPEED,NA,NA,EAST,Y,0,0,1,0,0,1,0
14932787,2,MOTOR VEHICLE,N,N,TX,JH2RC53557M000220,2007,RED,HONDA,NA,MOTORCYCLE,N,78597,2,NA,"MOTORCYCLE, SCOOTER, MOPED, ETC. ONLY",DAMAGED 1 MINIMUM,3,NA,NA,NA,N,LEFT AT LOCATION BY DRIVER,"",NONE,NA,NA,NORTH,Y,0,0,1,0,0,1,0
14919717,2,MOTOR VEHICLE,N,N,TX,MLHMC4101C5201800,NA,BLU,HONDA,NA,MOTORCYCLE,N,"",1,PROOF OF LIABILITY INSURANCE,RIGHT SIDE DAMAGE ANGULAR IMPACT,DAMAGED 1 MINIMUM,2,BACK END DAMAGE DISTRIBUTED IMPACT,DAMAGED 1 MINIMUM,6,N,"","",NONE,NA,NA,NORTHWEST,Y,0,1,0,0,0,1,0
14905933,1,MOTOR VEHICLE,N,N,TX,1HD1BFV13EB031479,NA,BLK,HARLEY-DAVIDSON,UNKNOWN,MOTORCYCLE,N,76179,1,PROOF OF LIABILITY INSURANCE,FRONT END (RIGHT)  DAMAGE PARTIAL CONTACT,DAMAGED 1 MINIMUM,NA,FRONT END DAMAGE CONCENTRATED IMPACT,DAMAGED 1 MINIMUM,NA,N,DRIVEN AWAY,BY FRIEND,WRONG SIDE - APPROACH OR INTERSECTION,DRIVER INATTENTION,NA,NORTH,Y,1,0,0,0,0,1,0
14959434,2,MOTOR VEHICLE,N,N,NJ,JH2PF01149K700651,NA,RED,HONDA,NA,MOTORCYCLE,N,8648,1,PROOF OF LIABILITY INSURANCE,"MOTORCYCLE, SCOOTER, MOPED, ETC. ONLY",DAMAGED 1 MINIMUM,12,NA,NA,NA,N,"","",NONE,NA,NA,SOUTH,Y,0,0,0,1,0,0,0
15091392,1,MOTOR VEHICLE,N,N,TX,1HD1FCW135Y604931,2005,RED,HARLEY-DAVIDSON,NA,MOTORCYCLE,N,79423,1,PROOF OF LIABILITY INSURANCE,FRONT END DAMAGE CONCENTRATED IMPACT,DAMAGED 1 MINIMUM,11,DISTRIBUTED LEFT SIDE DAMAGE PARALLEL IMPACT,DAMAGED 2,9,N,LUBBOCK WRECKER,LUBBOCK WRECKER  3209 SLATON HWY   806-7,CHANGED LANE WHEN UNSAFE,NA,NA,EAST,Y,0,1,0,0,0,1,0
14998176,2,MOTOR VEHICLE,N,N,FL,JH2RC4300YM600448,2000,BLK,HONDA,UNKNOWN,MOTORCYCLE,N,77502,2,NA,"MOTORCYCLE, SCOOTER, MOPED, ETC. ONLY",DAMAGED 1 MINIMUM,NA,NA,NA,NA,N,THOMASON TOWING,8000 GALVESTON RD,NONE,NA,NA,SOUTH,Y,0,1,0,0,0,1,0
15030269,1,MOTOR VEHICLE,N,N,TX,1HFSC52646A303139,2006,BLK,HONDA,UNKNOWN,MOTORCYCLE,N,76116,1,PROOF OF LIABILITY INSURANCE,"MOTORCYCLE, SCOOTER, MOPED, ETC. ONLY",DAMAGED 1 MINIMUM,12,NA,NA,NA,N,BRAD'S TOWING,"1630 RIVERVIEW DR. LEWISVILLE, TX.",NONE,NA,NA,SOUTH,Y,0,1,0,0,0,1,0
15088129,1,MOTOR VEHICLE,N,N,TX,1HD1FMW195Y609685,2005,BLK,HARLEY-DAVIDSON,UNKNOWN,MOTORCYCLE,N,78469,1,PROOF OF LIABILITY INSURANCE,DISTRIBUTED LEFT SIDE DAMAGE PARALLEL IMPACT,DAMAGED 1 MINIMUM,9,FRONT END DAMAGE CONCENTRATED IMPACT,DAMAGED 1 MINIMUM,NA,N,MIGHTY JOES,"",NONE,NA,NA,NORTH,Y,0,2,0,0,0,2,0
15023070,1,MOTOR VEHICLE,N,N,TX,1HD1JBB161Y066556,2001,BLK,HARLEY-DAVIDSON,UNKNOWN,MOTORCYCLE,N,75755,1,PROOF OF LIABILITY INSURANCE,"MOTORCYCLE, SCOOTER, MOPED, ETC. ONLY",DAMAGED 1 MINIMUM,NA,NA,NA,NA,N,"","",UNDER INFLUENCE - ALCOHOL,DISREGARD STOP SIGN OR LIGHT,NA,WEST,Y,1,0,0,0,0,1,0
15124408,1,MOTOR VEHICLE,N,N,TX,1HD1GP1106K320611,2006,YEL,HARLEY-DAVIDSON,NA,MOTORCYCLE,N,75169,1,PROOF OF LIABILITY INSURANCE,"MOTORCYCLE, SCOOTER, MOPED, ETC. ONLY",DAMAGED 1 MINIMUM,5,"MOTORCYCLE, SCOOTER, MOPED, ETC. ONLY",DAMAGED 1 MINIMUM,9,N,DRIVEN AWAY,DRIVEN AWAY,FAILED TO CONTROL SPEED,FAILED TO PASS TO LEFT SAFELY,NA,SOUTHEAST,Y,0,0,0,1,0,0,0
15013972,2,MOTOR VEHICLE,N,N,TX,JS1SK43A972100993,2007,GRN,SUZUKI,NA,MOTORCYCLE,N,79605,1,LIABILITY INSURANCE POLICY,"MOTORCYCLE, SCOOTER, MOPED, ETC. ONLY",DAMAGED 1 MINIMUM,NA,NA,NA,NA,N,ABILENE WRECKER,5201 N 1ST,NONE,NA,NA,SOUTHWEST,Y,1,1,0,0,0,2,0
15043102,1,MOTOR VEHICLE,N,N,TX,JYA5AHE0XWA009362,1998,WHI,YAMAHA,NA,MOTORCYCLE,N,76501,2,NA,"MOTORCYCLE, SCOOTER, MOPED, ETC. ONLY",DAMAGED 1 MINIMUM,3,NA,NA,NA,N,"","",FAILED TO CONTROL SPEED,FAILED TO DRIVE IN SINGLE LANE,DRIVER INATTENTION,SOUTHWEST,Y,0,1,0,0,0,1,0
15139972,2,MOTOR VEHICLE,N,N,OK,1HFSC321XTA100439,1996,ONG,HONDA,NA,MOTORCYCLE,N,73075,1,PROOF OF LIABILITY INSURANCE,"MOTORCYCLE, SCOOTER, MOPED, ETC. ONLY",DAMAGED 1 MINIMUM,6,NA,NA,NA,N,PRO-TOW,"1006 E MAIN ST  LEWISVILLE, TX",NONE,NA,NA,NORTH,Y,0,0,0,0,0,0,0
15213996,1,MOTOR VEHICLE,N,N,TX,1HD1KGM11BB661875,NA,BLK,HARLEY-DAVIDSON,NA,MOTORCYCLE,N,77316,1,PROOF OF LIABILITY INSURANCE,DISTRIBUTED RIGHT SIDE DAMAGE PARALLEL IMPACT,DAMAGED 1 MINIMUM,12,DISTRIBUTED LEFT SIDE DAMAGE PARALLEL IMPACT,DAMAGED 1 MINIMUM,9,Y,"MILSTEAD TO0WING, 281-367-3535","2416 N. FRAZIER ST, COROE, TX 77303",UNSAFE SPEED,NA,NA,SOUTH,Y,1,0,0,0,0,1,0
15157596,1,MOTOR VEHICLE,N,N,TX,WB10D2108GZ353538,NA,BLK,BMW,NA,MOTORCYCLE,N,77016,1,PROOF OF LIABILITY INSURANCE,"MOTORCYCLE, SCOOTER, MOPED, ETC. ONLY",DAMAGED 1 MINIMUM,1,"MOTORCYCLE, SCOOTER, MOPED, ETC. ONLY",DAMAGED 1 MINIMUM,3,N,CHALLENGER TOWING,8000 OLD GALVESTON RD,UNSAFE SPEED,NA,FAILED TO CONTROL SPEED,SOUTH,Y,0,1,0,0,0,1,0
15240677,1,MOTOR VEHICLE,N,N,TX,JKAEXEE15CDA02014,NA,BLK,KAWASAKI,NA,MOTORCYCLE,N,78201,1,LIABILITY INSURANCE POLICY,LEFT SIDE DAMAGE ANGULAR IMPACT,DAMAGED 3,9,RIGHT SIDE DAMAGE ANGULAR IMPACT,DAMAGED 2,3,N,DRIVEN HOME,DRIVER 1,NONE,NA,NA,EAST,Y,0,0,1,0,0,1,0
15258630,2,MOTOR VEHICLE,N,N,TX,1HD1GP414AC302207,NA,BLK,HARLEY-DAVIDSON,UNKNOWN,MOTORCYCLE,N,79007,2,NA,"MOTORCYCLE, SCOOTER, MOPED, ETC. ONLY",DAMAGED 1 MINIMUM,12,NA,NA,NA,Y,ACE WRECKER,ACE WRECKER,NONE,NA,NA,WEST,Y,1,0,0,0,0,1,0
15299358,1,MOTOR VEHICLE,N,N,TX,1HD1DDV115Y601507,2005,BLK,HARLEY-DAVIDSON,NA,MOTORCYCLE,N,77049,1,PROOF OF LIABILITY INSURANCE,"MOTORCYCLE, SCOOTER, MOPED, ETC. ONLY",DAMAGED 1 MINIMUM,12,"MOTORCYCLE, SCOOTER, MOPED, ETC. ONLY",DAMAGED 1 MINIMUM,3,Y,BY ACCIDENT INC.,"211 AUSTIN ST, RICHMOND,TX. 77469",FAILED TO CONTROL SPEED,HAD BEEN DRINKING,NA,WEST,Y,1,0,0,0,0,1,0
15190843,1,MOTOR VEHICLE,N,N,TX,JYARJ06E44A015376,2004,BLU,YAMAHA,UNKNOWN,MOTORCYCLE,N,78610,2,NA,"MOTORCYCLE, SCOOTER, MOPED, ETC. ONLY",DAMAGED 1 MINIMUM,12,NA,NA,NA,N,HARPERS TOWING SERVICE INC,HARPERS TOWING SERVICE INC,DRIVER INATTENTION,FAILED TO DRIVE IN SINGLE LANE,NA,EAST,Y,0,0,1,0,0,1,0
15203914,2,MOTOR VEHICLE,N,N,TX,SMT500PK86J253200,2006,BLK,NA,NA,MOTORCYCLE,N,77571,1,PROOF OF LIABILITY INSURANCE,FRONT END DAMAGE CONCENTRATED IMPACT,DAMAGED 2,12,NA,NA,NA,"",ACTION TOWING,"827 W LEAGUE CITY PKWY, LEAGUE CITY",NONE,NA,NA,WEST,Y,0,1,0,0,0,1,0
15499290,1,MOTOR VEHICLE,N,N,AK,JS1VY51A842101407,2004,BLU,SUZUKI,NA,MOTORCYCLE,N,79108,3,LIABILITY INSURANCE POLICY,RIGHT SIDE DAMAGE ANGULAR IMPACT,DAMAGED 3,1,FRONT END DAMAGE DISTRIBUTED IMPACT,DAMAGED 2,12,N,AVILES & GABES WRECKER SERVICE INC.,AVILES & GABES WRECKER SERVICE INC.,HAD BEEN DRINKING,NA,NA,NORTH,Y,0,1,0,0,0,1,0
15422913,1,MOTOR VEHICLE,N,N,TX,JH2RC071XCM025800,1982,BLK,HONDA,NA,MOTORCYCLE,N,79103,2,NA,DISTRIBUTED LEFT SIDE DAMAGE PARALLEL IMPACT,DAMAGED 1 MINIMUM,7,RIGHT BACK QUARTER DAMAGE ANGULAR IMPACT,DAMAGED 1 MINIMUM,5,N,"","",FAILED TO CONTROL SPEED,NA,NA,WEST,Y,0,1,0,0,0,1,0
15326788,1,MOTOR VEHICLE,N,N,TX,1HFSC47012A106960,2002,SIL,HONDA,NA,MOTORCYCLE,N,78336,1,PROOF OF LIABILITY INSURANCE,"MOTORCYCLE, SCOOTER, MOPED, ETC. ONLY",DAMAGED 1 MINIMUM,NA,NA,NA,NA,Y,E&J WRECKER  361-758-8286,"1225 N COMMERICAL ARANSAS PASS, TX",FAILED TO YIELD ROW - TURNING LEFT,UNDER INFLUENCE - ALCOHOL,NA,NORTHEAST,Y,1,0,0,0,0,1,0
15360571,2,MOTOR VEHICLE,N,N,TX,JYARJ16E8AA020775,NA,WHI,YAMAHA,NA,MOTORCYCLE,N,76234,1,PROOF OF LIABILITY INSURANCE,"MOTORCYCLE, SCOOTER, MOPED, ETC. ONLY",DAMAGED 1 MINIMUM,12,NA,NA,NA,N,PULLED AWAY BY OPERATOR,RESIDENCE,NONE,NA,NA,EAST,Y,0,0,1,0,0,1,0
14858705,1,MOTOR VEHICLE,N,N,OK,1HD1JT915GC012165,NA,BLK,HARLEY-DAVIDSON,UNKNOWN,MOTORCYCLE,N,74129,1,PROOF OF LIABILITY INSURANCE,FRONT END DAMAGE CONCENTRATED IMPACT,DAMAGED 3,12,NA,NA,NA,N,EDD'S TOWING,"708B KATY RD, KELLER TEXAS",DRIVER INATTENTION,FAILED TO CONTROL SPEED,NA,EAST,Y,0,0,0,1,0,0,0