CRASH_ID,UNIT_NBR,UNIT_DESC_ID,VEH_PARKED_FL,VEH_HNR_FL,VEH_LIC_STATE_ID,VIN,VEH_MOD_YEAR,VEH_COLOR_ID,VEH_MAKE_ID,VEH_MOD_ID,VEH_BODY_STYL_ID,EMER_RESPNDR_FL,OWNR_ZIP,FIN_RESP_PROOF_ID,FIN_RESP_TYPE_ID,VEH_DMAG_AREA_1_ID,VEH_DMAG_SCL_1_ID,FORCE_DIR_1_ID,VEH_DMAG_AREA_2_ID,VEH_DMAG_SCL_2_ID,FORCE_DIR_2_ID,VEH_INVENTORIED_FL,VEH_TRANSP_NAME,VEH_TRANSP_DEST,CONTRIB_FACTR_1_ID,CONTRIB_FACTR_2_ID,CONTRIB_FACTR_P1_ID,VEH_TRVL_DIR_ID,FIRST_HARM_EVT_INV_ID,INCAP_INJRY_CNT,NONINCAP_INJRY_CNT,POSS_INJRY_CNT,NON_INJRY_CNT,UNKN_INJRY_CNT,TOT_INJRY_CNT,DEATH_CNT
14929575,2,MOTOR VEHICLE,N,N,TX,1HD1GXM1XFC312473,NA,BLK,HARLEY-DAVIDSON,UNKNOWN,MOTORCYCLE,N,75040,1,PROOF OF LIABILITY INSURANCE,"MOTORCYCLE, SCOOTER, MOPED, ETC. ONLY",DAMAGED 1 MINIMUM,5,NA,NA,NA,Y,CONTRACT WRECKER,POLICE AUTO POUND,NONE,NA,NA,NORTHWEST,Y,1,0,0,0,0,1,0
14970172,2,MOTOR VEHICLE,N,N,TX,JH2SC51729K600407,NA,WHI,HONDA,NA,MOTORCYCLE,N,76182,1,PROOF OF LIABILITY INSURANCE,"MOTORCYCLE, SCOOTER, MOPED, ETC. ONLY",DAMAGED 1 MINIMUM,10,NA,NA,NA,N,"","",NONE,NA,NA,WEST,Y,1,0,0,0,0,1,0
14940254,2,MOTOR VEHICLE,N,N,TX,JS1VP52A112101164,2001,BLU,SUZUKI,NA,MOTORCYCLE,N,78654,1,PROOF OF LIABILITY INSURANCE,"MOTORCYCLE, SCOOTER, MOPED, ETC. ONLY",DAMAGED 1 MINIMUM,NA,NA,NA,NA,N,SHAWN CLAIBORNE,"2100 CR122 MARBLE FALLS, TX 78654",NONE,NA,NA,NORTHWEST,Y,0,1,0,0,0,1,0
14872645,1,MOTOR VEHICLE,N,N,TN,CX5002017066,1978,WHI,HONDA,UNKNOWN,MOTORCYCLE,N,76168,2,NA,DISTRIBUTED RIGHT SIDE DAMAGE PARALLEL IMPACT,DAMAGED 2,5,NA,NA,NA,N,A-1,FORT WORTH IMPOUND AT 2530 BRENNAN,FAILED TO DRIVE IN SINGLE LANE,NA,SPEEDING - (OVERLIMIT),NORTHEAST,Y,1,0,0,0,0,1,0
14923953,1,MOTOR VEHICLE,N,N,TX,JH2AF5812FK302228,NA,WHI,HONDA,UNKNOWN,MOTORCYCLE,N,78258,1,LIABILITY INSURANCE POLICY,"MOTORCYCLE, SCOOTER, MOPED, ETC. ONLY",DAMAGED 1 MINIMUM,12,NA,NA,NA,Y,CLARK AUTO CARE,CLARK AUTO CARE,FAILED TO CONTROL SPEED,NA,HAD BEEN DRINKING,WEST,Y,0,1,0,0,0,1,0
14902598,1,MOTOR VEHICLE,N,N,TX,1HD4CAM12XK138007,1999,BLK,HARLEY-DAVIDSON,NA,MOTORCYCLE,N,79924,1,PROOF OF LIABILITY INSURANCE,FRONT END DAMAGE DISTRIBUTED IMPACT,DAMAGED 1 MINIMUM,12,NA,NA,NA,N,OWNER,TRAFFIC,FAILED TO CONTROL SPEED,NA,NA,NORTH,Y,0,1,0,0,0,1,0
15051763,2,MOTOR VEHICLE,N,N,TX,JKAEXEE16GDA21497,NA,GRY,KAWASAKI,NA,MOTORCYCLE,N,78405,2,NA,"MOTORCYCLE, SCOOTER, MOPED, ETC. ONLY",DAMAGED 1 MINIMUM,3,NA,NA,NA,Y,ACE-1 WRECKER,IMPOUND,NONE,NA,NA,NORTH,Y,0,1,0,0,0,1,0
15015780,1,MOTOR VEHICLE,N,N,TX,JYARN17E97A004032,2007,WHI,YAMAHA,NA,MOTORCYCLE,N,78748,1,LIABILITY INSURANCE POLICY,RIGHT SIDE DAMAGE ANGULAR IMPACT,DAMAGED 2,3,NA,NA,NA,Y,SPECIAL AUTOMOTIVE SERVICE INC,SPECIAL AUTOMOTIVE SERVICE INC,ANIMAL ON ROAD- DOMESTIC,FAULTY EVASIVE ACTION,NA,WEST,Y,0,0,1,0,0,1,0
15109888,2,MOTOR VEHICLE,N,N,TX,JYARN39EXFA000725,NA,MUL,YAMAHA,NA,MOTORCYCLE,N,78229,1,LIABILITY INSURANCE POLICY,FRONT END DAMAGE CONCENTRATED IMPACT,DAMAGED 3,12,NA,NA,NA,N,RICHARDS TOWING,CITY VEHICLE POUND,FOLLOWED TOO CLOSELY,CHANGED LANE WHEN UNSAFE,DRIVER INATTENTION,EAST,Y,0,0,1,0,0,1,0
15006319,1,MOTOR VEHICLE,N,N,TX,JS1GR7DA4W2100206,1998,RED,SUZUKI,NA,MOTORCYCLE,N,77840,1,PROOF OF LIABILITY INSURANCE,FRONT END DAMAGE CONCENTRATED IMPACT,DAMAGED 4,12,NA,NA,NA,N,EXCEL,"1804 FINFEATHER, BRYAN",NONE,NA,NA,WEST,Y,0,1,0,0,0,1,0
15133006,2,MOTOR VEHICLE,N,N,TX,1HD1FMM10DB619722,NA,BLK,HARLEY-DAVIDSON,NA,POLICE MOTORCYCLE,N,77059,1,LIABILITY INSURANCE POLICY,BACK END DAMAGE DISTRIBUTED IMPACT,DAMAGED 2,6,NA,NA,NA,N,"","",NONE,NA,NA,SOUTH,Y,0,0,1,0,0,1,0
15071287,2,MOTOR VEHICLE,N,N,TX,JH2RC5346EK700022,NA,BLU,HONDA,UNKNOWN,MOTORCYCLE,N,77845,1,PROOF OF LIABILITY INSURANCE,LEFT SIDE DAMAGE ANGULAR IMPACT,DAMAGED 2,12,NA,NA,NA,N,EXCEL,"1804 FINFEATHER, BRYAN",NONE,NA,NA,SOUTH,Y,1,0,0,0,0,1,0
15028293,1,MOTOR VEHICLE,N,N,TX,JS1VS53A6W2104081,1998,RED,SUZUKI,NA,MOTORCYCLE,N,75703,1,PROOF OF LIABILITY INSURANCE,FRONT END DAMAGE DISTRIBUTED IMPACT,DAMAGED 1 MINIMUM,NA,LEFT FRONT QUARTER DAMAGE ANGULAR IMPACT,DAMAGED 1 MINIMUM,NA,N,"","",FAILED TO CONTROL SPEED,NA,NA,NORTH,Y,0,0,0,1,0,0,0
15088645,3,MOTOR VEHICLE,N,N,TX,WB10496A54ZJ32078,2004,BGE,BMW,UNKNOWN,MOTORCYCLE,N,75455,1,PROOF OF LIABILITY INSURANCE,"MOTORCYCLE, SCOOTER, MOPED, ETC. ONLY",DAMAGED 1 MINIMUM,12,NA,NA,NA,N,BILLY CRAIG WRECKER SVC (9800) 750-7859,"214 W 1ST ST, MT PLEASANT, TX",NONE,NA,NA,EAST,N,0,0,0,1,0,0,0
15050662,2,MOTOR VEHICLE,N,N,OK,1HD1CT316FC419865,NA,ONG,HARLEY-DAVIDSON,NA,MOTORCYCLE,N,79413,1,LIABILITY INSURANCE POLICY,"MOTORCYCLE, SCOOTER, MOPED, ETC. ONLY",DAMAGED 1 MINIMUM,6,NA,NA,NA,N,LUBBOCK WRECKER,LUBBOCK WRECKER  3209 SLATON HWY   806-7,NONE,NA,NA,WEST,Y,0,1,0,0,0,1,0
15077202,1,MOTOR VEHICLE,N,N,TX,JKAZX4P157A023457,2007,RED,KAWASAKI,UNKNOWN,MOTORCYCLE,N,75232,1,LIABILITY INSURANCE POLICY,FRONT END DAMAGE DISTRIBUTED IMPACT,DAMAGED 3,12,NA,NA,NA,N,24 HOUR WRECKER SERVICE,24 HR WRECKER,DRIVER INATTENTION,FOLLOWED TOO CLOSELY,NA,WEST,Y,0,0,0,0,1,0,0
15192643,1,MOTOR VEHICLE,N,N,TX,JH2505946BK300255,NA,RED,HONDA,NA,MOTORCYCLE,N,77080,1,PROOF OF LIABILITY INSURANCE,"MOTORCYCLE, SCOOTER, MOPED, ETC. ONLY",DAMAGED 1 MINIMUM,NA,NA,NA,NA,N,ALLIED COLLISION CENTER,9520 S. KIRKWOOD RD,NA,NA,DISREGARD STOP AND GO SIGNAL,SOUTH,Y,0,0,2,0,0,2,0
15166369,1,MOTOR VEHICLE,N,N,NA,JH2HE03073K224687,2003,WHI,HONDA,NA,MOTORCYCLE,N,75009,2,NA,RIGHT FRONT QUARTER DAMAGE ANGULAR IMPACT,DAMAGED 1 MINIMUM,2,RIGHT BACK QUARTER DAMAGE ANGULAR IMPACT,DAMAGED 1 MINIMUM,3,N,"","",NONE,NA,NA,UNKNOWN,Y,0,0,0,1,0,0,0
15206601,1,MOTOR VEHICLE,N,N,TX,JS1GN7BA612103065,2001,BLK,SUZUKI,NA,MOTORCYCLE,N,75644,2,NA,LEFT SIDE DAMAGE ANGULAR IMPACT,DAMAGED 3,9,RIGHT SIDE DAMAGE ANGULAR IMPACT,DAMAGED 1 MINIMUM,3,N,"","",CHANGED LANE WHEN UNSAFE,NA,NA,SOUTH,Y,0,0,1,0,0,1,0
15169417,2,MOTOR VEHICLE,N,N,TX,JKBZXNA117A020548,2007,BLU,KAWASAKI,NA,MOTORCYCLE,N,78541,2,NA,"MOTORCYCLE, SCOOTER, MOPED, ETC. ONLY",DAMAGED 1 MINIMUM,12,NA,NA,NA,Y,LIGHTHING TOWING & RECOVERY,11360 EASTEX FRWY,NONE,NA,NA,NORTH,Y,0,0,1,0,0,1,0
15148282,2,MOTOR VEHICLE,N,N,TX,JS1GR7GA962100780,2006,BLK,SUZUKI,UNKNOWN,MOTORCYCLE,N,79226,1,PROOF OF LIABILITY INSURANCE,"MOTORCYCLE, SCOOTER, MOPED, ETC. ONLY",DAMAGED 1 MINIMUM,NA,NA,NA,NA,Y,MITCHEM WRECKER SERVICE,"3000 N. HIGHWAY 87, BIG SPRING, TEXAS",NONE,NA,NA,SOUTH,Y,1,0,0,0,0,1,0
15304625,2,MOTOR VEHICLE,N,N,TX,1HD1LC313GC434387,NA,BLK,HARLEY-DAVIDSON,NA,MOTORCYCLE,N,77656,1,PROOF OF LIABILITY INSURANCE,DISTRIBUTED RIGHT SIDE DAMAGE PARALLEL IMPACT,DAMAGED 1 MINIMUM,3,NA,NA,NA,N,SELF,DRIVEN AWAY,NONE,NA,NA,SOUTH,Y,0,1,0,0,0,1,0
15195579,2,MOTOR VEHICLE,N,N,TX,JH2SC6106AK001460,NA,SIL,HONDA,UNKNOWN,MOTORCYCLE,N,79603,1,PROOF OF LIABILITY INSURANCE,"MOTORCYCLE, SCOOTER, MOPED, ETC. ONLY",DAMAGED 1 MINIMUM,12,NA,NA,NA,N,NOT TOWED,NOT TOWED,NONE,NA,NA,NORTHEAST,Y,0,1,0,0,0,1,0
15225183,1,MOTOR VEHICLE,N,N,TX,1HFSC3206TA100008,1996,RED,HONDA,UNKNOWN,MOTORCYCLE,N,76470,1,PROOF OF LIABILITY INSURANCE,"MOTORCYCLE, SCOOTER, MOPED, ETC. ONLY",DAMAGED 1 MINIMUM,NA,NA,NA,NA,N,AA WRECKER,5709 B DENTON HIGHWAY,UNDER INFLUENCE - ALCOHOL,UNSAFE SPEED,NA,EAST,Y,1,0,0,0,0,1,0
15262064,2,MOTOR VEHICLE,N,N,TX,1HD1CGP15XK129304,1999,RED,HARLEY-DAVIDSON,NA,MOTORCYCLE,N,77013,1,LIABILITY INSURANCE POLICY,"MOTORCYCLE, SCOOTER, MOPED, ETC. ONLY",DAMAGED 1 MINIMUM,12,NA,NA,NA,N,EAST HOUSTON TOWING,13836 BONHAM,NONE,NA,NA,WEST,Y,1,0,0,0,0,1,0
15193644,2,MOTOR VEHICLE,N,N,TX,JYAVP11E13A048506,2003,BLU,YAMAHA,NA,MOTORCYCLE,N,"",1,PROOF OF LIABILITY INSURANCE,FRONT END DAMAGE DISTRIBUTED IMPACT,DAMAGED 5,12,NA,NA,NA,N,LUBBOCK WRECKER,LUBBOCK WRECKER  3209 SLATON HWY   806-7,NONE,NA,NA,SOUTH,Y,0,1,0,0,0,1,0
15317167,2,MOTOR VEHICLE,N,N,TX,1HD1JDV13GB019004,NA,BLK,HARLEY-DAVIDSON,NA,MOTORCYCLE,N,79928,1,PROOF OF LIABILITY INSURANCE,DISTRIBUTED LEFT SIDE DAMAGE PARALLEL IMPACT,DAMAGED 1 MINIMUM,10,NA,NA,NA,N,DRIVER,TRAFFIC,NONE,NA,NA,NORTH,Y,0,0,1,0,0,1,0
15379509,3,MOTOR VEHICLE,N,N,TX,1HFSC46082A011510,2002,BLK,HONDA,NA,MOTORCYCLE,N,77662,1,LIABILITY INSURANCE POLICY,"MOTORCYCLE, SCOOTER, MOPED, ETC. ONLY",DAMAGED 1 MINIMUM,NA,NA,NA,NA,N,HERRERAHS TOWING,440 EAST FRWY VIDOR TX 77662,NONE,NA,NA,NORTH,Y,1,0,0,0,0,1,0
15436960,2,MOTOR VEHICLE,N,N,AR,1HFSC1415FA123343,1985,BRZ,HONDA,NA,MOTORCYCLE,N,76365,2,NA,"MOTORCYCLE, SCOOTER, MOPED, ETC. ONLY",DAMAGED 1 MINIMUM,NA,NA,NA,NA,Y,JWE,3101 ARMORY RD,NONE,NA,NA,WEST,Y,0,1,0,0,0,1,1
14976402,1,MOTOR VEHICLE,N,N,TX,JYARJ13E87A002323,2007,RED,YAMAHA,NA,MOTORCYCLE,N,1118,1,PROOF OF LIABILITY INSURANCE,"MOTORCYCLE, SCOOTER, MOPED, ETC. ONLY",DAMAGED 1 MINIMUM,12,NA,NA,NA,Y,MILLIGANS TOWING,MILLIGANS TOWING YARD,OTHER (EXPLAIN IN NARRATIVE),NA,OTHER (EXPLAIN IN NARRATIVE),SOUTHWEST,Y,0,0,0,0,1,0,0
14974600,2,MOTOR VEHICLE,N,N,TX,JYAVP11E49A113664,NA,BLK,YAMAHA,NA,MOTORCYCLE,N,75231,1,PROOF OF LIABILITY INSURANCE,"MOTORCYCLE, SCOOTER, MOPED, ETC. ONLY",DAMAGED 1 MINIMUM,6,NA,NA,NA,N,"","",NONE,NA,NA,EAST,Y,0,1,0,0,0,1,0
14976492,1,MOTOR VEHICLE,N,N,TX,1B9SC21M27B631030,2007,ONG,ALL OTHER MAKES,UNKNOWN,MOTORCYCLE,N,77388,1,PROOF OF LIABILITY INSURANCE,"MOTORCYCLE, SCOOTER, MOPED, ETC. ONLY",DAMAGED 1 MINIMUM,NA,NA,NA,NA,Y,SADDLE CREEK 281-689-7705,19600 OLD SAND PIT RD NEW CANEY TX 77357,UNDER INFLUENCE - ALCOHOL,UNDER INFLUENCE - DRUG,NA,SOUTHEAST,Y,1,0,0,0,0,1,0
14941185,2,MOTOR VEHICLE,N,N,TX,JH2RC440X2M614377,2002,YEL,HONDA,NA,MOTORCYCLE,N,78155,1,PROOF OF LIABILITY INSURANCE,DISTRIBUTED LEFT SIDE DAMAGE PARALLEL IMPACT,DAMAGED 2,9,NA,NA,NA,N,BIG D WRECKER,2140 HUBER RD,NONE,NA,NA,EAST,Y,0,0,0,1,0,0,0
14894536,2,MOTOR VEHICLE,N,N,TX,JYAVP27E0CA015297,NA,PLE,YAMAHA,UNKNOWN,MOTORCYCLE,N,76036,1,PROOF OF LIABILITY INSURANCE,"MOTORCYCLE, SCOOTER, MOPED, ETC. ONLY",DAMAGED 1 MINIMUM,NA,NA,NA,NA,Y,ACTION WRECKER,"400 DEPUTY MILLER DR, GRANBURY, TX",NONE,NA,NA,NORTH,Y,0,0,0,0,0,0,1
14909385,2,MOTOR VEHICLE,N,N,TX,1HD1BWB1X5Y085847,2006,RED,HARLEY-DAVIDSON,NA,MOTORCYCLE,N,78723,1,LIABILITY INSURANCE POLICY,DISTRIBUTED LEFT SIDE DAMAGE PARALLEL IMPACT,DAMAGED 3,9,FRONT END (RIGHT)  DAMAGE PARTIAL CONTACT,DAMAGED 1 MINIMUM,3,N,AVILES AND GABES WRECKER,AVILES AND GABES WRECKER,NONE,NA,NA,SOUTH,Y,0,0,1,0,0,1,0
15038126,2,MOTOR VEHICLE,N,N,TX,1HD1KRM16EB667896,NA,BLK,HARLEY-DAVIDSON,UNKNOWN,MOTORCYCLE,N,76065,1,PROOF OF LIABILITY INSURANCE,FRONT END DAMAGE DISTRIBUTED IMPACT,DAMAGED 3,12,BACK END DAMAGE DISTRIBUTED IMPACT,DAMAGED 3,6,Y,BEARDS TOWING,"5033 SUN VALLEY DR. FORT WORTH,TX 76119",NONE,NA,NA,NORTHEAST,Y,0,0,1,0,0,1,0
15180099,2,MOTOR VEHICLE,N,N,TX,SMT920K14ET655387,NA,BLK,HONDA,UNKNOWN,MOTORCYCLE,N,77550,1,LIABILITY INSURANCE POLICY,FRONT END (RIGHT)  DAMAGE PARTIAL CONTACT,DAMAGED 3,1,NA,NA,NA,N,PERMIT #10,520 44TH STREET,NONE,NA,NA,WEST,Y,0,1,0,0,0,1,0
15141515,1,MOTOR VEHICLE,N,N,TX,1HFSC0201CA201522,1982,BLK,HONDA,NA,MOTORCYCLE,N,76667,1,PROOF OF LIABILITY INSURANCE,FRONT END DAMAGE CONCENTRATED IMPACT,DAMAGED 4,12,NA,NA,NA,N,LEE'W WRECKER,"520 WEST TYLEY, MEXIA, TX 76667",NONE,NA,NA,NORTH,Y,1,0,0,0,0,1,0
15000104,1,MOTOR VEHICLE,N,N,TX,5VPWB36N3C3007392,NA,BLK,VICTORY,UNKNOWN,MOTORCYCLE,N,75035,1,PROOF OF LIABILITY INSURANCE,"MOTORCYCLE, SCOOTER, MOPED, ETC. ONLY",DAMAGED 1 MINIMUM,NA,NA,NA,NA,N,B&B WRECKER (817) 283-2121,"1201 W EULESS BLVD. EULESS, TX 76040",DRIVER INATTENTION,HAD BEEN DRINKING,NA,SOUTH,Y,0,0,1,0,0,1,0
15012693,1,MOTOR VEHICLE,N,N,TX,JS1NP41A772102498,2007,BLU,SUZUKI,UNKNOWN,MOTORCYCLE,N,78624,2,NA,"MOTORCYCLE, SCOOTER, MOPED, ETC. ONLY",DAMAGED 1 MINIMUM,NA,NA,NA,NA,Y,VIERUS AUTO (830)998-2520,"201 E. SAN ANTONIO, FREDERICKSBURG, TX.",UNSAFE SPEED,HAD BEEN DRINKING,NA,SOUTHWEST,Y,1,0,0,0,0,1,0
14990274,1,MOTOR VEHICLE,N,N,TX,1HD1CGP174K434783,2004,RED,HARLEY-DAVIDSON,NA,MOTORCYCLE,N,75038,1,PROOF OF LIABILITY INSURANCE,RIGHT FRONT QUARTER DAMAGE ANGULAR IMPACT,DAMAGED 2,3,RIGHT SIDE DAMAGE ANGULAR IMPACT,DAMAGED 2,3,N,"","",NONE,NA,NA,NORTH,Y,0,0,1,0,0,1,0
15005473,2,MOTOR VEHICLE,N,N,TX,JS1VY56A2D2100584,NA,BLK,SUZUKI,NA,MOTORCYCLE,N,78108,1,PROOF OF LIABILITY INSURANCE,FRONT END DAMAGE CONCENTRATED IMPACT,DAMAGED 4,12,NA,NA,NA,Y,JOHNNY'S WRECKER SERVICE,"315 PAT BOOKER ROAD, UNIVERSAL CITY, TX",NA,NA,UNDER INFLUENCE - ALCOHOL,SOUTH,N,0,0,0,0,0,0,1
15215737,1,MOTOR VEHICLE,N,N,TX,JKAZX9B1X2A000625,2002,BLK,KAWASAKI,NA,MOTORCYCLE,N,79762,1,PROOF OF LIABILITY INSURANCE,"MOTORCYCLE, SCOOTER, MOPED, ETC. ONLY",DAMAGED 1 MINIMUM,NA,NA,NA,NA,N,DRIVEN AWAY BY DRIVER,"",FAILED TO CONTROL SPEED,OTHER (EXPLAIN IN NARRATIVE),ANIMAL ON ROAD- WILD,SOUTHEAST,Y,0,1,0,0,0,1,0
15149433,2,MOTOR VEHICLE,N,N,TX,JKBVNAD17TA048292,1996,BLK,KAWASAKI,UNKNOWN,MOTORCYCLE,N,76901,1,PROOF OF LIABILITY INSURANCE,"MOTORCYCLE, SCOOTER, MOPED, ETC. ONLY",DAMAGED 1 MINIMUM,NA,NA,NA,NA,N,DRIVER,DRIVEN AWAY,NONE,NA,NA,EAST,Y,0,0,1,0,0,1,0
15179264,1,MOTOR VEHICLE,N,N,TX,JYAVN05EXEA007742,NA,GRN,YAMAHA,NA,MOTORCYCLE,N,78620,1,PROOF OF LIABILITY INSURANCE,"MOTORCYCLE, SCOOTER, MOPED, ETC. ONLY",DAMAGED 1 MINIMUM,NA,NA,NA,NA,Y,HARPER'S TOWING,"141 S. CANYONWOOD DR., DRIPPING SPRINGS",NONE,NA,NA,SOUTHEAST,Y,0,1,0,0,0,1,0
15230887,3,MOTOR VEHICLE,N,N,TX,1HD1FCM11CB621228,NA,BLK,SUZUKI,NA,MOTORCYCLE,N,77088,2,NA,"MOTORCYCLE, SCOOTER, MOPED, ETC. ONLY",DAMAGED 1 MINIMUM,NA,NA,NA,NA,N,INFINITY TOWING SVC,8210 PINEMONT,NONE,NA,NA,NORTH,N,1,0,0,0,0,1,0
15208517,2,MOTOR VEHICLE,N,N,TX,JH2SC6114AK000560,NA,BLU,HONDA,NA,MOTORCYCLE,N,76657,1,LIABILITY INSURANCE POLICY,RIGHT BACK QUARTER DAMAGE ANGULAR IMPACT,DAMAGED 1 MINIMUM,4,LEFT SIDE DAMAGE ANGULAR IMPACT,DAMAGED 1 MINIMUM,NA,N,TOW KING,"7901BAGBY , WACO TX",NONE,NA,NA,SOUTH,Y,0,1,0,0,0,1,0
15159713,1,MOTOR VEHICLE,N,N,TX,1HD1BKL1XTY019478,1996,RED,HARLEY-DAVIDSON,NA,MOTORCYCLE,N,75169,1,PROOF OF LIABILITY INSURANCE,LEFT SIDE DAMAGE ANGULAR IMPACT,DAMAGED 1 MINIMUM,9,RIGHT SIDE DAMAGE ANGULAR IMPACT,DAMAGED 1 MINIMUM,3,N,"","",ANIMAL ON ROAD- WILD,NA,TURNED WHEN UNSAFE,WEST,Y,0,1,0,0,0,1,0
15186393,1,MOTOR VEHICLE,N,N,TX,1HD1FDV191Y618947,2001,BLK,HARLEY-DAVIDSON,UNKNOWN,MOTORCYCLE,N,79007,3,PROOF OF LIABILITY INSURANCE,"MOTORCYCLE, SCOOTER, MOPED, ETC. ONLY",DAMAGED 1 MINIMUM,NA,NA,NA,NA,N,WINKLER COUNTY TOWING,"WINKLER COUNTY TOWING, S. HWY 18 KERMIT,",FAILED TO CONTROL SPEED,DRIVER INATTENTION,NA,WEST,Y,0,0,0,1,0,0,0
15234435,1,MOTOR VEHICLE,N,N,TX,1HD1CZ3139K429220,NA,BLK,HARLEY-DAVIDSON,NA,MOTORCYCLE,N,75503,1,PROOF OF LIABILITY INSURANCE,LEFT SIDE DAMAGE ANGULAR IMPACT,DAMAGED 2,9,BACK END DAMAGE CONCENTRATED IMPACT,DAMAGED 2,6,N,BUBBA GREEN'S TOWING,415 S. LAKE DR.,FAILED TO CONTROL SPEED,NA,NA,WEST,Y,0,0,1,0,0,1,0
15244233,2,MOTOR VEHICLE,N,N,TX,1HD4LE219FC417392,NA,SIL,HARLEY-DAVIDSON,UNKNOWN,MOTORCYCLE,N,"",1,PROOF OF LIABILITY INSURANCE,FRONT END DAMAGE DISTRIBUTED IMPACT,DAMAGED 1 MINIMUM,10,DISTRIBUTED LEFT SIDE DAMAGE PARALLEL IMPACT,DAMAGED 1 MINIMUM,7,N,DRIVER,TOWED AWAY BY OWNER,NONE,NA,NA,NORTH,Y,0,0,1,0,0,1,0
15242539,1,MOTOR VEHICLE,N,N,TX,5VPTB16D943001337,2004,MUL,VICTORY,UNKNOWN,MOTORCYCLE,N,75009,1,PROOF OF LIABILITY INSURANCE,"MOTORCYCLE, SCOOTER, MOPED, ETC. ONLY",DAMAGED 1 MINIMUM,NA,NA,NA,NA,Y,POLANSKY'S WRECKER,"309 EAST OAK ST, WEST TX 76691",UNDER INFLUENCE - ALCOHOL,CHANGED LANE WHEN UNSAFE,NA,NORTH,Y,0,1,0,0,0,1,0
15260322,2,MOTOR VEHICLE,Y,N,TX,GS750E25843,1978,MAR,SUZUKI,NA,MOTORCYCLE,N,"",NA,NA,RIGHT BACK QUARTER DAMAGE ANGULAR IMPACT,DAMAGED 1 MINIMUM,4,LEFT FRONT QUARTER DAMAGE ANGULAR IMPACT,DAMAGED 1 MINIMUM,9,N,"","",NONE,NA,NA,NORTH,Y,0,0,0,0,0,0,0
15457046,2,MOTOR VEHICLE,N,N,TX,1HD1GP412BC319329,NA,BLK,HARLEY-DAVIDSON,NA,MOTORCYCLE,N,77836,1,PROOF OF LIABILITY INSURANCE,"MOTORCYCLE, SCOOTER, MOPED, ETC. ONLY",DAMAGED 1 MINIMUM,NA,NA,NA,NA,Y,D&S TOWING,"4894 FM 50, CALDWELL, TX 77836",NONE,NA,NA,NORTH,Y,0,0,0,0,0,0,1
15353342,1,MOTOR VEHICLE,N,N,TX,1HD1GHV122Y320990,2002,BLK,HARLEY-DAVIDSON,UNKNOWN,MOTORCYCLE,N,75252,1,PROOF OF LIABILITY INSURANCE,"MOTORCYCLE, SCOOTER, MOPED, ETC. ONLY",DAMAGED 1 MINIMUM,NA,NA,NA,NA,Y,JR'S AUTOMOTIVE CENTER 9032911816,304 CHEROKEE DR LONGVIEW TX 75604,UNDER INFLUENCE - ALCOHOL,FAILED TO DRIVE IN SINGLE LANE,NA,NORTHWEST,Y,0,0,0,1,0,0,0
15355422,2,MOTOR VEHICLE,N,N,AZ,1HD1GY4498K311873,NA,BLK,HARLEY-DAVIDSON,NA,MOTORCYCLE,N,85710,1,PROOF OF LIABILITY INSURANCE,"MOTORCYCLE, SCOOTER, MOPED, ETC. ONLY",DAMAGED 1 MINIMUM,NA,NA,NA,NA,N,ATLY BLUM,RELEASED BACK TO TRAFFIC,NONE,NA,NA,NORTH,Y,0,0,0,1,0,0,0
15376983,2,MOTOR VEHICLE,N,N,LA,JKAKLEE1X9DA18393,NA,RED,KAWASAKI,NA,MOTORCYCLE,N,70403,1,LIABILITY INSURANCE POLICY,"MOTORCYCLE, SCOOTER, MOPED, ETC. ONLY",DAMAGED 1 MINIMUM,3,NA,NA,NA,N,"","",CHANGED LANE WHEN UNSAFE,DRIVER INATTENTION,FAILED TO DRIVE IN SINGLE LANE,SOUTH,Y,0,0,0,1,0,0,0
15416284,1,MOTOR VEHICLE,N,N,TX,1HD1TAN12FB962959,NA,BRO,HARLEY-DAVIDSON,UNKNOWN,MOTORCYCLE,N,77479,1,PROOF OF LIABILITY INSURANCE,LEFT SIDE AND TOP DAMAGE ROLLOVER EFFECTS,DAMAGED 6,9,RIGHT SIDE AND TOP DAMAGE ROLLOVER EFFECTS,DAMAGED 6,3,N,LONG'S WRECKER 281-642-3135,"14001 S. MAIN, HOUSTON, TX",FAILED TO CONTROL SPEED,NA,NA,NORTHWEST,Y,1,0,0,0,0,1,0
14921834,2,MOTOR VEHICLE,N,N,TX,1HFSC43067A700327,2007,BLK,HONDA,NA,MOTORCYCLE,N,76209,1,PROOF OF LIABILITY INSURANCE,"MOTORCYCLE, SCOOTER, MOPED, ETC. ONLY",DAMAGED 1 MINIMUM,11,NA,NA,NA,N,AKERS WRECKER,"715 DALLAS DRIVE, DENTON, TX 76202",NONE,NA,NA,NORTH,Y,1,0,0,0,0,1,0