CRASH_ID,UNIT_NBR,UNIT_DESC_ID,VEH_PARKED_FL,VEH_HNR_FL,VEH_LIC_STATE_ID,VIN,VEH_MOD_YEAR,VEH_COLOR_ID,VEH_MAKE_ID,VEH_MOD_ID,VEH_BODY_STYL_ID,EMER_RESPNDR_FL,OWNR_ZIP,FIN_RESP_PROOF_ID,FIN_RESP_TYPE_ID,VEH_DMAG_AREA_1_ID,VEH_DMAG_SCL_1_ID,FORCE_DIR_1_ID,VEH_DMAG_AREA_2_ID,VEH_DMAG_SCL_2_ID,FORCE_DIR_2_ID,VEH_INVENTORIED_FL,VEH_TRANSP_NAME,VEH_TRANSP_DEST,CONTRIB_FACTR_1_ID,CONTRIB_FACTR_2_ID,CONTRIB_FACTR_P1_ID,VEH_TRVL_DIR_ID,FIRST_HARM_EVT_INV_ID,INCAP_INJRY_CNT,NONINCAP_INJRY_CNT,POSS_INJRY_CNT,NON_INJRY_CNT,UNKN_INJRY_CNT,TOT_INJRY_CNT,DEATH_CNT
14985204,3,MOTOR VEHICLE,Y,N,TX,RFVPAC201G1017362,NA,RED,NA,NA,MOTORCYCLE,N,78721,2,NA,NA,NA,NA,NA,NA,NA,"","","",NONE,NA,NA,NORTH,N,0,0,0,0,0,0,0
14840537,2,MOTOR VEHICLE,N,N,MX,3H1JC30405D400818,2005,RED,HONDA,NA,MOTORCYCLE,N,0,2,NA,BACK END DAMAGE CONCENTRATED IMPACT,DAMAGED 5,6,"MOTORCYCLE, SCOOTER, MOPED, ETC. ONLY",DAMAGED 1 MINIMUM,6,N,DRIVER,PRIVATE TOW,NONE,NA,NA,EAST,Y,0,1,0,0,0,1,0
14935162,2,MOTOR VEHICLE,N,N,TX,JH2PF01126K400750,2006,BLU,HONDA,UNKNOWN,MOTORCYCLE,N,77043,1,PROOF OF LIABILITY INSURANCE,"MOTORCYCLE, SCOOTER, MOPED, ETC. ONLY",DAMAGED 1 MINIMUM,NA,NA,NA,NA,N,"",PARKED AT 10100 HAMMERLY,NONE,NA,NA,EAST,Y,0,1,0,0,0,1,0
14921877,2,MOTOR VEHICLE,N,N,TX,1HD1BWV16DB025724,NA,BLU,HARLEY-DAVIDSON,NA,MOTORCYCLE,N,77386,1,PROOF OF LIABILITY INSURANCE,BACK END DAMAGE CONCENTRATED IMPACT,DAMAGED 1 MINIMUM,6,NA,NA,NA,N,DRIVER,DRIVEN OF SCENE,NONE,NA,NA,WEST,Y,0,0,0,1,0,0,0
14959049,1,MOTOR VEHICLE,N,N,TX,1HFSC220XTA801046,1996,BLU,HONDA,NA,MOTORCYCLE,N,77456,1,PROOF OF LIABILITY INSURANCE,BACK END DAMAGE DISTRIBUTED IMPACT,DAMAGED 4,6,NA,NA,NA,N,"","",NONE,NA,NA,SOUTH,Y,1,0,0,0,0,1,0
14980293,2,MOTOR VEHICLE,N,N,TX,ZDM1RANN6CB058227,NA,RED,BUGATTI,UNKNOWN,MOTORCYCLE,N,75703,1,PROOF OF LIABILITY INSURANCE,BACK END DAMAGE DISTRIBUTED IMPACT,DAMAGED 1 MINIMUM,6,NA,NA,NA,N,LIBERTY,LIBERTY,NONE,NA,NA,EAST,Y,0,0,1,0,0,1,0
15050068,2,MOTOR VEHICLE,N,N,TX,JH2PC40087M007396,2007,BLK,HONDA,NA,MOTORCYCLE,N,63645,1,LIABILITY INSURANCE POLICY,FRONT END DAMAGE DISTRIBUTED IMPACT,DAMAGED 2,12,NA,NA,NA,N,620 LAKESIDE TOWING,620 LAKESIDE TOWING,NONE,NA,NA,WEST,Y,0,1,0,0,0,1,0
15087444,2,MOTOR VEHICLE,N,N,TX,JYARJ16E49A016069,NA,ONG,YAMAHA,UNKNOWN,MOTORCYCLE,N,77357,2,NA,"MOTORCYCLE, SCOOTER, MOPED, ETC. ONLY",DAMAGED 1 MINIMUM,12,NA,NA,NA,N,"","",NA,NA,SPEEDING - (OVERLIMIT),NORTH,Y,0,1,0,0,0,1,0
15022698,1,MOTOR VEHICLE,N,N,TX,JYARN17E5DA009093,NA,BLK,YAMAHA,UNKNOWN,MOTORCYCLE,N,77007,1,PROOF OF LIABILITY INSURANCE,"MOTORCYCLE, SCOOTER, MOPED, ETC. ONLY",DAMAGED 1 MINIMUM,NA,NA,NA,NA,Y,CFM TOWING,"1104 S FRAZIER CONROE, TX 77301",UNSAFE SPEED,UNDER INFLUENCE - ALCOHOL,UNDER INFLUENCE - DRUG,NORTHWEST,Y,0,1,0,0,0,1,0
15085115,2,MOTOR VEHICLE,N,N,TX,RFBRAKCG87B121322,2007,GRY,KYMCO,NA,MOTORCYCLE,N,78633,1,PROOF OF LIABILITY INSURANCE,"MOTORCYCLE, SCOOTER, MOPED, ETC. ONLY",DAMAGED 1 MINIMUM,6,NA,NA,NA,Y,CENTEX,GPD  IMPOUND,NONE,NA,NA,NORTHEAST,Y,0,0,0,0,0,0,1
15034589,2,MOTOR VEHICLE,N,N,TX,1HFSC18071A502483,2001,BLK,HONDA,NA,MOTORCYCLE,N,75126,1,PROOF OF LIABILITY INSURANCE,"MOTORCYCLE, SCOOTER, MOPED, ETC. ONLY",DAMAGED 1 MINIMUM,NA,NA,NA,NA,Y,EASTLAKE WRECKER,"306 E BROAD, FORNEY, TX 75126",NONE,NA,NA,NORTH,Y,1,0,0,0,0,1,0
15070323,1,MOTOR VEHICLE,N,N,TX,1HD1HFH468K804101,NA,BLK,HONDA,UNKNOWN,MOTORCYCLE,N,76001,1,LIABILITY INSURANCE POLICY,"MOTORCYCLE, SCOOTER, MOPED, ETC. ONLY",DAMAGED 1 MINIMUM,NA,NA,NA,NA,N,"","",FAILED TO CONTROL SPEED,UNDER INFLUENCE - ALCOHOL,NA,SOUTH,Y,0,1,0,0,0,1,0
15010908,2,MOTOR VEHICLE,N,N,TX,1HD1BX51X9Y028359,NA,SIL,HARLEY-DAVIDSON,UNKNOWN,MOTORCYCLE,N,75650,1,PROOF OF LIABILITY INSURANCE,BACK END DAMAGE DISTRIBUTED IMPACT,DAMAGED 1 MINIMUM,6,NA,NA,NA,N,PRIVATE VEHICLE,OWNERS RESIDENCE,NONE,NA,NA,EAST,Y,0,1,0,0,0,1,0
15024559,2,MOTOR VEHICLE,Y,N,TX,JYARN39E1FA000791,NA,RED,YAMAHA,UNKNOWN,MOTORCYCLE,N,77706,1,PROOF OF LIABILITY INSURANCE,FRONT END DAMAGE CONCENTRATED IMPACT,DAMAGED 1 MINIMUM,1,NA,NA,NA,N,DRIVER,DRIVEN AWAY,NONE,NA,NA,SOUTH,Y,0,0,0,0,0,0,0
14993316,1,MOTOR VEHICLE,N,N,WY,1S92P10736P771180,2006,BLU,OTHER (EXPLAIN IN NARRATIVE),OTHER (EXPLAIN IN NARRATIVE),MOTORCYCLE,N,82301,1,PROOF OF LIABILITY INSURANCE,"MOTORCYCLE, SCOOTER, MOPED, ETC. ONLY",DAMAGED 1 MINIMUM,NA,NA,NA,NA,Y,MAGNOLIA TOWING,"41902 FM 1774 MAGNOLIA, TX 77354",UNSAFE SPEED,UNDER INFLUENCE - DRUG,NA,NORTHEAST,Y,1,0,0,0,0,1,0
15034103,1,MOTOR VEHICLE,N,N,TX,JS1VY51A012102563,2001,BLU,SUZUKI,UNKNOWN,MOTORCYCLE,N,75021,2,NA,"MOTORCYCLE, SCOOTER, MOPED, ETC. ONLY",DAMAGED 1 MINIMUM,9,NA,NA,NA,Y,CONTRACT WRECKER,GARLAND PD CITY POUND,SPEEDING - (OVERLIMIT),FLEEING OR EVADING POLICE,NA,NORTHWEST,Y,1,0,0,0,0,1,0
15067527,1,MOTOR VEHICLE,N,N,TX,JYA5AHE045A044980,2005,BLU,YAMAHA,NA,MOTORCYCLE,N,79936,2,NA,"MOTORCYCLE, SCOOTER, MOPED, ETC. ONLY",DAMAGED 1 MINIMUM,3,"MOTORCYCLE, SCOOTER, MOPED, ETC. ONLY",DAMAGED 1 MINIMUM,9,N,DRIVER,LEFT LEGALLY PARKED,NONE,NA,NA,WEST,Y,0,1,0,0,0,1,0
15010045,2,MOTOR VEHICLE,N,N,TX,1HD1BLL16LY012551,1990,BLK,HARLEY-DAVIDSON,NA,MOTORCYCLE,N,75234,2,NA,FRONT END DAMAGE CONCENTRATED IMPACT,DAMAGED 4,12,NA,NA,NA,N,PRO TOW,"804 TEXAS ST DENTON, TX",NONE,NA,NA,EAST,Y,1,0,0,0,0,1,0
15187255,1,MOTOR VEHICLE,N,N,TX,1HD1KBM11GB681022,NA,BLK,HARLEY-DAVIDSON,UNKNOWN,MOTORCYCLE,N,77406,1,PROOF OF LIABILITY INSURANCE,DISTRIBUTED LEFT SIDE DAMAGE PARALLEL IMPACT,DAMAGED 2,NA,DISTRIBUTED RIGHT SIDE DAMAGE PARALLEL IMPACT,DAMAGED 2,NA,N,EASTSIDE,"513 PECAN, FRESNO",CHANGED LANE WHEN UNSAFE,NA,NA,EAST,Y,0,1,0,0,0,1,0
15315064,2,MOTOR VEHICLE,N,N,TN,1HD1KRM15GB612598,NA,GRY,HARLEY-DAVIDSON,NA,MOTORCYCLE,N,37857,1,PROOF OF LIABILITY INSURANCE,"MOTORCYCLE, SCOOTER, MOPED, ETC. ONLY",DAMAGED 1 MINIMUM,NA,NA,NA,NA,N,E&S AUTO,500 S COLUMBIA DRIVE,NONE,NA,NA,SOUTH,Y,0,0,1,0,0,1,0
15207247,1,MOTOR VEHICLE,N,N,TX,1HFSC55077A307505,2007,BLU,HONDA,NA,MOTORCYCLE,N,76107,1,PROOF OF LIABILITY INSURANCE,DISTRIBUTED LEFT SIDE DAMAGE PARALLEL IMPACT,DAMAGED 2,9,DISTRIBUTED RIGHT SIDE DAMAGE PARALLEL IMPACT,DAMAGED 2,3,Y,PETTYS SERVICE CENTER,5110 IH 30 GREENVILLE TX. 75401,UNSAFE SPEED,NA,NA,NORTHEAST,Y,1,0,0,0,0,1,0
15147613,2,MOTOR VEHICLE,N,N,TX,1HD1JBB186Y079106,2006,BGE,HONDA,UNKNOWN,MOTORCYCLE,N,77433,1,PROOF OF LIABILITY INSURANCE,"MOTORCYCLE, SCOOTER, MOPED, ETC. ONLY",DAMAGED 1 MINIMUM,NA,NA,NA,NA,N,BY OWNER,MOVED TO PARKING LOT,NONE,NA,NA,WEST,Y,0,1,0,0,0,1,0
15298226,2,MOTOR VEHICLE,N,N,TX,JH2SC3509YM300609,2000,GRY,HONDA,NA,MOTORCYCLE,N,75056,1,PROOF OF LIABILITY INSURANCE,"MOTORCYCLE, SCOOTER, MOPED, ETC. ONLY",DAMAGED 1 MINIMUM,NA,NA,NA,NA,Y,JORDAN TOWING,"601 DIGITAL, PLANO, TX 75075",FAILED TO CONTROL SPEED,UNDER INFLUENCE - ALCOHOL,NA,NORTH,Y,1,0,0,0,0,1,0
15253750,1,MOTOR VEHICLE,N,N,TX,1HD1KRM16FB611586,NA,BLK,HARLEY-DAVIDSON,NA,MOTORCYCLE,N,77627,1,PROOF OF LIABILITY INSURANCE,FRONT END DAMAGE DISTRIBUTED IMPACT,DAMAGED 2,12,NA,NA,NA,N,SAVANT'S TOWING 409-729-2639,"2299 N TWING CITY HWY, NEDERLAND TX, 776",FAILED TO DRIVE IN SINGLE LANE,NA,UNSAFE SPEED,SOUTHWEST,Y,0,0,1,0,0,1,0
15174741,2,MOTOR VEHICLE,Y,N,TX,1HD1JS910GB016995,NA,BLK,HARLEY-DAVIDSON,UNKNOWN,MOTORCYCLE,N,78541,2,NA,RIGHT BACK QUARTER DAMAGE ANGULAR IMPACT,DAMAGED 1 MINIMUM,2,NA,NA,NA,N,"","",NONE,NA,NA,NORTH,Y,0,0,0,0,0,0,0
15215129,2,MOTOR VEHICLE,N,N,TX,JH2SC6609AK000862,NA,BLK,HONDA,NA,MOTORCYCLE,N,77627,2,NA,NA,NA,NA,NA,NA,NA,N,"","",NONE,NA,NA,NORTH,Y,0,0,1,1,0,1,0
15356285,1,MOTOR VEHICLE,N,Y,TX,ZDM1RADMX7B104463,2007,BLK,DUCATI,NA,MOTORCYCLE,N,75230,2,NA,FRONT END DAMAGE CONCENTRATED IMPACT,DAMAGED 3,12,LEFT SIDE DAMAGE ANGULAR IMPACT,DAMAGED 3,9,Y,MCINTYRES,4515 US HWY 80 MESQUITE TX 75150,SPEEDING - (OVERLIMIT),PARKED IN TRAFFIC LANE,NA,WEST,Y,1,0,0,0,0,1,0
15617311,1,MOTOR VEHICLE,N,N,HI,1HD1FDV1X3Y728005,2003,BLK,HARLEY-DAVIDSON,UNKNOWN,MOTORCYCLE,N,77061,1,PROOF OF LIABILITY INSURANCE,BACK END (RIGHT) DAMAGE PARTIAL CONTACT,DAMAGED 2,5,NA,NA,NA,N,"","",DISREGARD STOP AND GO SIGNAL,HAD BEEN DRINKING,NA,SOUTH,Y,0,0,1,0,0,1,0
15427215,1,MOTOR VEHICLE,N,N,TX,1HD1HHH15HC801105,NA,WHI,HARLEY-DAVIDSON,UNKNOWN,MOTORCYCLE,N,76051,1,PROOF OF LIABILITY INSURANCE,"MOTORCYCLE, SCOOTER, MOPED, ETC. ONLY",DAMAGED 1 MINIMUM,NA,NA,NA,NA,N,EDD'S TOWING (817) 431-4569,"708 KATY RD. FT. WORTH, TX 76244",FAILED TO CONTROL SPEED,FAILED TO DRIVE IN SINGLE LANE,NA,SOUTH,Y,0,0,0,1,0,0,0
15434688,1,MOTOR VEHICLE,N,N,TX,JYARJ16E89A014115,NA,BLK,YAMAHA,UNKNOWN,MOTORCYCLE,N,78040,1,PROOF OF LIABILITY INSURANCE,FRONT END DAMAGE DISTRIBUTED IMPACT,DAMAGED 1 MINIMUM,12,LEFT SIDE DAMAGE ANGULAR IMPACT,DAMAGED 1 MINIMUM,9,N,DRIVER,TOWED AWAY BY OWNER,FAULTY EVASIVE ACTION,NA,NA,EAST,Y,0,0,1,0,0,1,0
14891232,1,MOTOR VEHICLE,N,N,TX,1HD1BHY183Y086057,2003,BLK,HARLEY-DAVIDSON,UNKNOWN,MOTORCYCLE,N,76013,1,LIABILITY INSURANCE POLICY,"MOTORCYCLE, SCOOTER, MOPED, ETC. ONLY",DAMAGED 1 MINIMUM,NA,NA,NA,NA,N,KELLY MCKNIGHT WRECKER 817-265-1336,"1108  HARRISON AVE, ARLINGTON, TX, 76011",DRIVER INATTENTION,UNDER INFLUENCE - ALCOHOL,FAILED TO CONTROL SPEED,NORTH,Y,0,1,0,0,0,1,0
14909455,2,MOTOR VEHICLE,N,N,TX,JKBVNKA185A014214,2005,BLK,KAWASAKI,NA,MOTORCYCLE,N,78660,1,PROOF OF LIABILITY INSURANCE,RIGHT SIDE DAMAGE ANGULAR IMPACT,DAMAGED 1 MINIMUM,3,DISTRIBUTED LEFT SIDE DAMAGE PARALLEL IMPACT,DAMAGED 2,9,N,MENNOS TOWING,2600 GARDENIA DR,NONE,NA,NA,SOUTH,Y,0,1,0,0,0,1,0
14932523,4,MOTOR VEHICLE,Y,N,TX,1HD1FDV151Y660161,2001,BLU,HARLEY-DAVIDSON,NA,MOTORCYCLE,N,77650,2,NA,"MOTORCYCLE, SCOOTER, MOPED, ETC. ONLY",DAMAGED 1 MINIMUM,3,NA,NA,NA,N,"","",NONE,NA,NA,EAST,N,0,0,0,0,0,0,0
14859363,2,MOTOR VEHICLE,N,N,TX,JH2PC4003EK700062,NA,RED,HONDA,NA,MOTORCYCLE,N,78336,1,LIABILITY INSURANCE POLICY,"MOTORCYCLE, SCOOTER, MOPED, ETC. ONLY",DAMAGED 1 MINIMUM,NA,NA,NA,NA,Y,E&J WRECKER SERVICE,102 W HAZLETT AVE,NONE,NA,NA,WEST,Y,1,0,0,0,0,1,0
14906268,1,MOTOR VEHICLE,N,N,TX,1HD1GV4128K333654,NA,YEL,HARLEY-DAVIDSON,UNKNOWN,MOTORCYCLE,N,76640,1,PROOF OF LIABILITY INSURANCE,"MOTORCYCLE, SCOOTER, MOPED, ETC. ONLY",DAMAGED 1 MINIMUM,NA,NA,NA,NA,Y,"","",UNDER INFLUENCE - ALCOHOL,NA,NA,NORTH,Y,0,0,1,0,0,1,0
14936103,2,MOTOR VEHICLE,N,N,TX,1HD1CGP195K423463,2005,BLK,HARLEY-DAVIDSON,UNKNOWN,MOTORCYCLE,N,77511,1,LIABILITY INSURANCE POLICY,FRONT END DAMAGE DISTRIBUTED IMPACT,DAMAGED 4,12,NA,NA,NA,N,LAWRENCE WRECKER,3540 N GORDON ST,NONE,NA,NA,EAST,Y,1,0,0,0,0,1,0
14980731,4,MOTOR VEHICLE,N,N,TX,1HD1CT3119K400814,NA,BLK,HARLEY-DAVIDSON,NA,MOTORCYCLE,N,78861,2,NA,FRONT END DAMAGE CONCENTRATED IMPACT,DAMAGED 3,12,NA,NA,NA,N,CONTRACT TOW,GROWDEN POUND,FOLLOWED TOO CLOSELY,NA,NA,SOUTHWEST,N,0,1,0,0,0,1,0
14946617,1,MOTOR VEHICLE,N,N,TX,JYARJ08E76A008163,2006,BLU,YAMAHA,NA,MOTORCYCLE,N,75147,2,NA,LEFT FRONT QUARTER DAMAGE ANGULAR IMPACT,DAMAGED 1 MINIMUM,10,FRONT END DAMAGE DISTRIBUTED IMPACT,DAMAGED 1 MINIMUM,12,N,"","",CHANGED LANE WHEN UNSAFE,NA,FAILED TO CONTROL SPEED,WEST,Y,0,1,0,0,0,1,0
14889254,1,MOTOR VEHICLE,N,N,TX,JH2RC4464YK300913,2000,BLK,HONDA,UNKNOWN,MOTORCYCLE,N,77539,1,PROOF OF LIABILITY INSURANCE,DISTRIBUTED LEFT SIDE DAMAGE PARALLEL IMPACT,DAMAGED 1 MINIMUM,9,NA,NA,NA,N,409 WRECKER,WRECKER LOT,FAULTY EVASIVE ACTION,NA,NA,WEST,Y,0,0,1,0,0,1,0
15055564,2,MOTOR VEHICLE,N,N,TX,1HD1BX5108Y071297,NA,BLK,HARLEY-DAVIDSON,NA,MOTORCYCLE,N,79124,1,LIABILITY INSURANCE POLICY,BACK END DAMAGE CONCENTRATED IMPACT,DAMAGED 3,6,DISTRIBUTED LEFT SIDE DAMAGE PARALLEL IMPACT,DAMAGED 3,9,N,MARTIN RODRIGUEZ,SEMINOLE AUTO SERVICE,NA,NA,FAILED TO SIGNAL OR GAVE WRONG SIGNAL,EAST,Y,0,1,0,0,0,1,0
15017363,2,MOTOR VEHICLE,N,N,TX,SMT910K19FT681181,NA,BLK,NA,NA,MOTORCYCLE,N,79934,1,PROOF OF LIABILITY INSURANCE,BACK END DAMAGE CONCENTRATED IMPACT,DAMAGED 2,6,NA,NA,NA,N,PRIVATE WRECKER,AT OWNER'S REQUEST,NONE,NA,NA,SOUTHEAST,Y,0,0,0,1,0,0,0
15088442,1,MOTOR VEHICLE,N,N,TX,LFGTCKPMXB1000660,NA,RED,ALL OTHER MAKES,UNKNOWN,MOTORCYCLE,N,77301,1,PROOF OF LIABILITY INSURANCE,"MOTORCYCLE, SCOOTER, MOPED, ETC. ONLY",DAMAGED 1 MINIMUM,NA,NA,NA,NA,Y,SPEEDY'S  (936) 756-4874,"305 AUSTIN RD, CONROE, TX 77301",FAILED TO DRIVE IN SINGLE LANE,UNDER INFLUENCE - ALCOHOL,NA,SOUTH,Y,0,1,0,0,0,1,0
15069529,1,MOTOR VEHICLE,N,N,TX,JS1GR7HA912105890,2001,BLK,SUZUKI,NA,MOTORCYCLE,N,75098,2,NA,"MOTORCYCLE, SCOOTER, MOPED, ETC. ONLY",DAMAGED 1 MINIMUM,9,NA,NA,NA,Y,CONTRACT WRECKER,"1955 VILBIG, DALLAS, TEXAS",SPEEDING - (OVERLIMIT),UNDER INFLUENCE - ALCOHOL,NA,SOUTHWEST,Y,1,0,0,0,0,1,0
15140900,1,MOTOR VEHICLE,N,N,TX,JKBVNCB12TA037117,1996,RED,KAWASAKI,NA,MOTORCYCLE,N,75146,1,PROOF OF LIABILITY INSURANCE,LEFT SIDE DAMAGE ANGULAR IMPACT,DAMAGED 2,9,NA,NA,NA,N,"","",FAILED TO DRIVE IN SINGLE LANE,FAULTY EVASIVE ACTION,NA,SOUTH,Y,1,0,0,0,0,1,0
15174773,1,MOTOR VEHICLE,N,N,TX,1HD1GHV193K300613,2003,BLK,HARLEY-DAVIDSON,UNKNOWN,MOTORCYCLE,N,78654,1,PROOF OF LIABILITY INSURANCE,"MOTORCYCLE, SCOOTER, MOPED, ETC. ONLY",DAMAGED 1 MINIMUM,NA,NA,NA,NA,N,H&H WRECKER SERVICE,"604 AVE P MARBLE FALLS, TEXAS 78654",FAILED TO GIVE HALF OF ROADWAY,NA,IMPAIRED VISIBILITY (EXPLAIN IN NARRATIVE),NORTHWEST,Y,1,0,0,0,0,1,0
15186745,3,MOTOR VEHICLE,N,N,TX,1HD1JN516AB029605,NA,BLK,HARLEY-DAVIDSON,NA,MOTORCYCLE,N,77316,1,PROOF OF LIABILITY INSURANCE,"MOTORCYCLE, SCOOTER, MOPED, ETC. ONLY",DAMAGED 1 MINIMUM,NA,NA,NA,NA,Y,GEORGE WHITE WRECKER SVC. 646-3845,"149 MAPLE, ONALASKA, TX",NONE,NA,NA,NORTH,N,1,0,0,0,0,1,1
15276404,2,MOTOR VEHICLE,N,N,TX,MLHMC4103C5200356,NA,WHI,HONDA,NA,MOTORCYCLE,N,79109,1,PROOF OF LIABILITY INSURANCE,BACK END DAMAGE CONCENTRATED IMPACT,DAMAGED 2,6,NA,NA,NA,N,LEFT ON SCENE,"",NONE,NA,NA,WEST,Y,0,0,1,0,0,1,0
15277247,2,MOTOR VEHICLE,N,N,TX,JKAEXEA167A019561,2007,NA,KAWASAKI,NA,MOTORCYCLE,N,78746,1,LIABILITY INSURANCE POLICY,FRONT END DAMAGE DISTRIBUTED IMPACT,DAMAGED 4,12,NA,NA,NA,N,ARMADA,ARMADA,NONE,NA,NA,NORTH,Y,0,1,0,0,0,1,0
15288485,2,MOTOR VEHICLE,N,N,TX,1HD4LE214EC428301,NA,BLK,HARLEY-DAVIDSON,NA,MOTORCYCLE,N,75056,1,PROOF OF LIABILITY INSURANCE,BACK END DAMAGE DISTRIBUTED IMPACT,DAMAGED 1 MINIMUM,6,NA,NA,NA,N,DRIVEN AWAY,DRIVER,NONE,NA,NA,SOUTH,Y,0,1,0,0,0,1,0
15284675,2,MOTOR VEHICLE,N,N,TN,JH2RC50394K010310,2004,RED,HONDA,NA,MOTORCYCLE,N,"",2,NA,BACK END DAMAGE CONCENTRATED IMPACT,DAMAGED 3,6,DISTRIBUTED RIGHT SIDE DAMAGE PARALLEL IMPACT,DAMAGED 3,1,Y,SIGNATURE TOWING,"1204 MUNICIPAL AVE, PLANO, TX (124239)",NONE,NA,NA,SOUTH,Y,0,1,0,0,0,1,0
15145288,2,MOTOR VEHICLE,N,N,TX,1HD1KBM11EB609119,NA,BLK,HARLEY-DAVIDSON,UNKNOWN,MOTORCYCLE,N,75076,1,PROOF OF LIABILITY INSURANCE,"MOTORCYCLE, SCOOTER, MOPED, ETC. ONLY",DAMAGED 1 MINIMUM,NA,NA,NA,NA,Y,GILBERT'S WRECKER SERVICE,"2916 E. HWY 82, GAINESVILLE, TX. 76240",NONE,NA,NA,EAST,Y,1,0,0,0,0,1,0
15172543,2,MOTOR VEHICLE,N,N,TX,JS1GX72A892102277,NA,BLK,SUZUKI,UNKNOWN,MOTORCYCLE,N,77414,1,PROOF OF LIABILITY INSURANCE,BACK END (RIGHT) DAMAGE PARTIAL CONTACT,DAMAGED 2,5,NA,NA,NA,N,"","",NONE,NA,NA,WEST,Y,0,0,1,0,0,1,0
15164065,2,MOTOR VEHICLE,N,N,TX,KM4MJ5279C1700732,NA,WHI,HYOSUNG,NA,MOTORCYCLE,N,79907,1,PROOF OF LIABILITY INSURANCE,FRONT END DAMAGE CONCENTRATED IMPACT,DAMAGED 2,12,NA,NA,NA,N,OWNER,LEFT LEGALLY PARKED,NONE,NA,NA,SOUTH,Y,0,0,0,1,0,0,0
15241953,1,MOTOR VEHICLE,N,N,TX,1HD1KRM11FB687619,NA,WHI,HARLEY-DAVIDSON,UNKNOWN,MOTORCYCLE,N,79059,1,PROOF OF LIABILITY INSURANCE,LEFT SIDE DAMAGE ANGULAR IMPACT,DAMAGED 2,9,RIGHT SIDE DAMAGE ANGULAR IMPACT,DAMAGED 2,3,N,RELEASED TO OWNER,LEFT ON SCENE WITH PROP OWNER CONSENT,UNSAFE SPEED,NA,NA,SOUTHWEST,Y,0,0,0,1,0,0,0
15425337,2,MOTOR VEHICLE,N,N,TX,HD1MCC13HB852534,NA,ONG,HARLEY-DAVIDSON,UNKNOWN,MOTORCYCLE,N,75686,1,PROOF OF LIABILITY INSURANCE,BACK END DAMAGE CONCENTRATED IMPACT,DAMAGED 3,6,NA,NA,NA,"",JAKE'S TOWING,JAKE'S TOWING,NONE,NA,NA,SOUTH,Y,0,1,0,0,0,1,0
15514416,1,MOTOR VEHICLE,N,N,TX,1HD1JA5127Y039935,2007,BLK,HARLEY-DAVIDSON,NA,MOTORCYCLE,N,75570,1,PROOF OF LIABILITY INSURANCE,DISTRIBUTED RIGHT SIDE DAMAGE PARALLEL IMPACT,DAMAGED 4,1,NA,NA,NA,Y,DUES WRECKER 936-632-6363,"2320 E. LUFKIN AVE. LUFKIN, TX 75901",UNDER INFLUENCE - ALCOHOL,NA,OTHER (EXPLAIN IN NARRATIVE),NORTHEAST,Y,0,1,0,0,0,1,0
15430315,1,MOTOR VEHICLE,N,N,TX,1HD1CGP155K455133,2005,RED,HARLEY-DAVIDSON,NA,MOTORCYCLE,N,77581,1,LIABILITY INSURANCE POLICY,DISTRIBUTED LEFT SIDE DAMAGE PARALLEL IMPACT,DAMAGED 3,NA,DISTRIBUTED RIGHT SIDE DAMAGE PARALLEL IMPACT,DAMAGED 3,NA,N,CASH MONEY,WRECKER LOT,FAILED TO CONTROL SPEED,UNDER INFLUENCE - ALCOHOL,NA,NORTH,Y,0,1,0,0,0,1,0
15426320,2,MOTOR VEHICLE,N,N,TX,1HD1HHH11EC808791,NA,TAN,HARLEY-DAVIDSON,UNKNOWN,MOTORCYCLE,N,77062,1,PROOF OF LIABILITY INSURANCE,"MOTORCYCLE, SCOOTER, MOPED, ETC. ONLY",DAMAGED 1 MINIMUM,3,NA,NA,NA,N,DEWITT WRECKER,"1423 2ND ST LEAGUE CITY, TX 77573",NONE,NA,NA,EAST,Y,1,0,0,0,0,1,0
15399675,1,MOTOR VEHICLE,N,N,TX,JKAZX4P157A004651,2007,BLK,KAWASAKI,NA,MOTORCYCLE,N,78387,2,NA,"MOTORCYCLE, SCOOTER, MOPED, ETC. ONLY",DAMAGED 1 MINIMUM,12,NA,NA,NA,N,"","",SPEEDING - (OVERLIMIT),UNDER INFLUENCE - ALCOHOL,NA,WEST,Y,0,1,0,0,0,1,0
14891260,2,MOTOR VEHICLE,N,N,TX,1HD1GEL17VY321817,1997,RED,HARLEY-DAVIDSON,UNKNOWN,MOTORCYCLE,N,77316,1,PROOF OF LIABILITY INSURANCE,FRONT END DAMAGE DISTRIBUTED IMPACT,DAMAGED 4,12,NA,NA,NA,N,NOT TOWED,NOT TOWED,NONE,NA,NA,SOUTH,Y,0,0,0,1,0,0,0