CRASH_ID,UNIT_NBR,UNIT_DESC_ID,VEH_PARKED_FL,VEH_HNR_FL,VEH_LIC_STATE_ID,VIN,VEH_MOD_YEAR,VEH_COLOR_ID,VEH_MAKE_ID,VEH_MOD_ID,VEH_BODY_STYL_ID,EMER_RESPNDR_FL,OWNR_ZIP,FIN_RESP_PROOF_ID,FIN_RESP_TYPE_ID,VEH_DMAG_AREA_1_ID,VEH_DMAG_SCL_1_ID,FORCE_DIR_1_ID,VEH_DMAG_AREA_2_ID,VEH_DMAG_SCL_2_ID,FORCE_DIR_2_ID,VEH_INVENTORIED_FL,VEH_TRANSP_NAME,VEH_TRANSP_DEST,CONTRIB_FACTR_1_ID,CONTRIB_FACTR_2_ID,CONTRIB_FACTR_P1_ID,VEH_TRVL_DIR_ID,FIRST_HARM_EVT_INV_ID,INCAP_INJRY_CNT,NONINCAP_INJRY_CNT,POSS_INJRY_CNT,NON_INJRY_CNT,UNKN_INJRY_CNT,TOT_INJRY_CNT,DEATH_CNT
14945933,1,MOTOR VEHICLE,N,N,TX,1HD1JAB191Y020794,2001,BLU,HARLEY-DAVIDSON,NA,MOTORCYCLE,N,78224,1,PROOF OF LIABILITY INSURANCE,FRONT END (RIGHT)  DAMAGE PARTIAL CONTACT,DAMAGED 4,1,NA,NA,NA,N,MISSION TOWING,GROWDEN POUND,DRIVER INATTENTION,NA,NA,SOUTHWEST,Y,1,0,0,0,0,1,0
14898989,1,MOTOR VEHICLE,N,N,TX,JS1VT54A532104175,2003,SIL,SUZUKI,NA,MOTORCYCLE,N,77872,1,PROOF OF LIABILITY INSURANCE,FRONT END DAMAGE CONCENTRATED IMPACT,DAMAGED 2,12,NA,NA,NA,Y,HUMBLE TOWING,"7821 RANKIN HUMBLE, TX 77396",FAILED TO CONTROL SPEED,NA,FOLLOWED TOO CLOSELY,WEST,Y,0,1,0,0,0,1,0
14901419,1,MOTOR VEHICLE,N,N,TX,JKBVNAE15WA080841,1998,BLK,KAWASAKI,UNKNOWN,MOTORCYCLE,N,75446,1,PROOF OF LIABILITY INSURANCE,DISTRIBUTED LEFT SIDE DAMAGE PARALLEL IMPACT,DAMAGED 1 MINIMUM,11,DISTRIBUTED RIGHT SIDE DAMAGE PARALLEL IMPACT,DAMAGED 1 MINIMUM,1,N,DRIVER,DRIVEN AWAY,FAILED TO DRIVE IN SINGLE LANE,NA,FAULTY EVASIVE ACTION,SOUTH,Y,0,0,0,1,0,0,0
14916528,2,MOTOR VEHICLE,N,N,TX,JKAEXVD176A098815,2006,BLK,KAWASAKI,UNKNOWN,MOTORCYCLE,N,79924,2,NA,BACK END (RIGHT) DAMAGE PARTIAL CONTACT,DAMAGED 1 MINIMUM,6,"MOTORCYCLE, SCOOTER, MOPED, ETC. ONLY",DAMAGED 1 MINIMUM,NA,N,1ST CHOICE/ 936-336-2617,"3920 BEAUMONT, LIBERTY, TX 77575",NONE,NA,NA,EAST,Y,1,0,0,0,0,1,0
14978295,2,MOTOR VEHICLE,N,N,TX,SMT915RN3FT704833,NA,GRY,NA,NA,MOTORCYCLE,N,78738,1,PROOF OF LIABILITY INSURANCE,BACK END DAMAGE CONCENTRATED IMPACT,DAMAGED 2,6,FRONT END DAMAGE CONCENTRATED IMPACT,DAMAGED 2,12,N,"","",NONE,NA,NA,NORTHEAST,Y,0,0,1,0,0,1,0
14888365,2,MOTOR VEHICLE,N,N,TX,JH2AF5819EK204022,NA,BLK,HONDA,NA,MOTORCYCLE,N,76205,3,PROOF OF LIABILITY INSURANCE,NA,NA,NA,NA,NA,NA,N,"","",NONE,NA,NA,SOUTH,Y,0,0,0,1,0,0,0
15091555,2,MOTOR VEHICLE,N,N,TX,MLHPC4414D5002937,NA,RED,HONDA,NA,MOTORCYCLE,N,75460,1,PROOF OF LIABILITY INSURANCE,BACK END DAMAGE DISTRIBUTED IMPACT,DAMAGED 1 MINIMUM,6,NA,NA,NA,N,"","",NONE,NA,NA,EAST,Y,0,0,0,1,0,0,0
15090669,2,MOTOR VEHICLE,N,N,TX,JH2PC37073M002510,2003,WHI,HONDA,NA,MOTORCYCLE,N,79336,1,LIABILITY INSURANCE POLICY,BACK END DAMAGE CONCENTRATED IMPACT,DAMAGED 7 HIGHEST,6,NA,NA,NA,Y,LUBBOCK WRECKER,LUBBOCK WRECKER  3209 SLATON HWY   806-7,NONE,NA,NA,SOUTH,Y,1,0,0,0,0,1,0
15040449,2,MOTOR VEHICLE,N,N,TX,1HD1BXB1X2Y034737,2002,BLK,HARLEY-DAVIDSON,UNKNOWN,MOTORCYCLE,N,79756,2,NA,NA,NA,NA,NA,NA,NA,N,OWNER,OWNER,NONE,NA,NA,SOUTHWEST,Y,0,0,0,1,0,0,0
15077180,2,MOTOR VEHICLE,N,N,TX,JH2SC68G7CK000467,NA,WHI,HONDA,UNKNOWN,MOTORCYCLE,N,79549,1,PROOF OF LIABILITY INSURANCE,DISTRIBUTED RIGHT SIDE DAMAGE PARALLEL IMPACT,DAMAGED 1 MINIMUM,3,DISTRIBUTED LEFT SIDE DAMAGE PARALLEL IMPACT,DAMAGED 1 MINIMUM,9,N,DRIVER,REMOVED,NONE,NA,NA,SOUTH,Y,0,0,0,1,0,0,0
15078068,1,MOTOR VEHICLE,N,N,TX,JYAVN05EXEA005313,NA,WHI,YAMAHA,UNKNOWN,MOTORCYCLE,N,76116,1,PROOF OF LIABILITY INSURANCE,FRONT END DAMAGE CONCENTRATED IMPACT,DAMAGED 1 MINIMUM,NA,RIGHT SIDE DAMAGE ANGULAR IMPACT,DAMAGED 1 MINIMUM,NA,N,GUY SIMONS,"2500 BRENNAN AVE FW, TX",DISREGARD STOP AND GO SIGNAL,NA,NA,EAST,Y,0,0,1,0,0,1,0
15072230,2,MOTOR VEHICLE,N,N,TX,JS1GT77A072112576,2007,BLK,SUZUKI,NA,MOTORCYCLE,N,76054,2,NA,"MOTORCYCLE, SCOOTER, MOPED, ETC. ONLY",DAMAGED 1 MINIMUM,1,NA,NA,NA,N,AA WRECKER SERVICE,5709 DENTON HIGHWAY,NA,NA,UNSAFE SPEED,SOUTHWEST,Y,0,1,0,0,0,1,0
15019010,1,MOTOR VEHICLE,N,N,TX,JKAEXEE10CDA04110,NA,GRN,KAWASAKI,UNKNOWN,MOTORCYCLE,N,76302,1,PROOF OF LIABILITY INSURANCE,"MOTORCYCLE, SCOOTER, MOPED, ETC. ONLY",DAMAGED 1 MINIMUM,NA,NA,NA,NA,Y,BIG DADDY'S WRECKER 940-767-5555,"3101 ARMORY RD, WICHITA FALLS TX, 76302",UNDER INFLUENCE - ALCOHOL,NA,NA,NORTHEAST,Y,0,0,0,1,0,0,0
15083076,2,MOTOR VEHICLE,N,N,TX,1HD1PY914BB959630,NA,BRZ,HARLEY-DAVIDSON,NA,MOTORCYCLE,N,79936,1,PROOF OF LIABILITY INSURANCE,LEFT SIDE DAMAGE ANGULAR IMPACT,DAMAGED 1 MINIMUM,9,NA,NA,NA,N,BEST WRECKER,OWNER'S REQEST,NONE,NA,NA,EAST,Y,0,0,0,1,0,0,0
15104288,2,MOTOR VEHICLE,N,N,TX,JYAVM01E67A118154,2007,RED,YAMAHA,UNKNOWN,MOTORCYCLE,N,79424,1,LIABILITY INSURANCE POLICY,"MOTORCYCLE, SCOOTER, MOPED, ETC. ONLY",DAMAGED 1 MINIMUM,NA,NA,NA,NA,N,OWNER,LEFT AT SCENE,NONE,NA,NA,SOUTH,Y,0,1,0,0,0,1,0
15013628,2,MOTOR VEHICLE,N,N,TX,2D45MC011ES000340,NA,BLK,APRILIA,UNKNOWN,MOTORCYCLE,N,78204,1,LIABILITY INSURANCE POLICY,LEFT SIDE DAMAGE ANGULAR IMPACT,DAMAGED 2,9,NA,NA,NA,N,"","",NONE,NA,NA,NORTH,Y,0,0,1,0,0,1,0
15112138,2,MOTOR VEHICLE,N,N,TX,1HD1PG810EB959124,NA,ONG,HARLEY-DAVIDSON,NA,MOTORCYCLE,N,75075,1,PROOF OF LIABILITY INSURANCE,BACK END DAMAGE DISTRIBUTED IMPACT,DAMAGED 1 MINIMUM,6,NA,NA,NA,N,"","",NONE,NA,NA,EAST,Y,0,0,0,1,0,0,0
15097633,1,MOTOR VEHICLE,N,N,TX,1HD1GDV18YY326892,2000,BLK,HARLEY-DAVIDSON,UNKNOWN,MOTORCYCLE,N,76936,1,PROOF OF LIABILITY INSURANCE,RIGHT SIDE AND TOP DAMAGE ROLLOVER EFFECTS,DAMAGED 1 MINIMUM,3,NA,NA,NA,N,CARLOS GAMEZ 325-206-2418,"307 SAN JOSE SONORA, TX 76950",FAILED TO DRIVE IN SINGLE LANE,NA,NA,SOUTH,Y,0,1,0,0,0,1,0
15101416,2,MOTOR VEHICLE,N,N,TX,56KMSA006G3110569,NA,RED,INDIAN,NA,MOTORCYCLE,N,79371,1,PROOF OF LIABILITY INSURANCE,FRONT END DAMAGE CONCENTRATED IMPACT,DAMAGED 3,12,NA,NA,NA,N,ALLWAYS TOWING,805 E. HWY 84,NONE,NA,NA,EAST,Y,0,1,0,0,0,1,0
15194267,1,MOTOR VEHICLE,N,N,TX,JS1GT76A562109088,2006,BLK,SUZUKI,NA,MOTORCYCLE,N,76137,2,NA,FRONT END DAMAGE DISTRIBUTED IMPACT,DAMAGED 7 HIGHEST,12,DISTRIBUTED RIGHT SIDE DAMAGE PARALLEL IMPACT,DAMAGED 5,12,N,AA WRECKER,5709 B DENTON HIGHWAY,UNSAFE SPEED,NA,NA,NORTH,Y,1,0,0,0,0,1,0
15267141,1,MOTOR VEHICLE,N,N,TX,JYAVP11E65A064154,2005,BLK,YAMAHA,NA,MOTORCYCLE,N,77546,1,PROOF OF LIABILITY INSURANCE,"MOTORCYCLE, SCOOTER, MOPED, ETC. ONLY",DAMAGED 1 MINIMUM,1,NA,NA,NA,N,LIGGIOS,GALVESTON SO,HAD BEEN DRINKING,FAILED TO CONTROL SPEED,NA,SOUTH,Y,0,1,0,0,0,1,0
15181802,1,MOTOR VEHICLE,N,N,TX,1U9S949503M085072,2003,RED,ULTRA LITE MFG,UNKNOWN,MOTORCYCLE,N,75088,1,PROOF OF LIABILITY INSURANCE,"MOTORCYCLE, SCOOTER, MOPED, ETC. ONLY",DAMAGED 1 MINIMUM,NA,NA,NA,NA,N,BUSTERS WRECKER SERVICE,303 W BROAD ST FORNEY TX 75126,UNSAFE SPEED,NA,NA,NORTHEAST,Y,1,0,0,0,0,1,0
15164206,1,MOTOR VEHICLE,N,Y,TX,JH2PC370X6M302269,2006,BLK,HONDA,NA,MOTORCYCLE,Y,77077,2,NA,LEFT SIDE DAMAGE ANGULAR IMPACT,DAMAGED 4,9,RIGHT SIDE DAMAGE ANGULAR IMPACT,DAMAGED 4,3,N,EXPRO COLLISION,1700 BRITTMORE,CHANGED LANE WHEN UNSAFE,FAILED TO CONTROL SPEED,NA,WEST,Y,0,1,0,0,0,1,0
15192088,2,MOTOR VEHICLE,N,N,TX,JS1VY51A3Y2100509,2000,BLK,SUZUKI,NA,MOTORCYCLE,N,88401,2,NA,FRONT END DAMAGE DISTRIBUTED IMPACT,DAMAGED 7 HIGHEST,12,NA,NA,NA,N,"","",UNSAFE SPEED,NA,NA,NORTH,Y,1,0,0,0,0,1,0
15273143,1,MOTOR VEHICLE,N,N,TX,JKAZXCE109A024371,NA,BLK,KAWASAKI,NA,MOTORCYCLE,N,77024,2,NA,"MOTORCYCLE, SCOOTER, MOPED, ETC. ONLY",DAMAGED 1 MINIMUM,NA,NA,NA,NA,N,TEEL MALACARA,8310 E HARDY HOUSTON TX,NONE,NA,NA,NORTH,Y,1,0,0,0,0,1,0
15207109,1,MOTOR VEHICLE,N,N,TX,JS1VP52A5Y2103865,2000,MUL,SUZUKI,UNKNOWN,MOTORCYCLE,N,79410,1,LIABILITY INSURANCE POLICY,"MOTORCYCLE, SCOOTER, MOPED, ETC. ONLY",DAMAGED 1 MINIMUM,NA,NA,NA,NA,Y,LUBBOCK WRECKER SERVICE,"3209 E SLATON HWY, LUBBOCK, TEXAS 79404",FAILED TO PASS TO LEFT SAFELY,NA,NA,NORTH,Y,1,0,0,0,0,1,0
15281241,2,MOTOR VEHICLE,N,N,TX,1HFSC47H6AA904925,NA,GRY,HONDA,NA,MOTORCYCLE,N,79108,1,PROOF OF LIABILITY INSURANCE,BACK END (RIGHT) DAMAGE PARTIAL CONTACT,DAMAGED 1 MINIMUM,6,NA,NA,NA,N,"","",NONE,NA,NA,EAST,Y,0,0,0,1,0,0,0
15397658,2,MOTOR VEHICLE,N,N,TX,JS1VY52A152104536,2005,BLU,SUZUKI,UNKNOWN,MOTORCYCLE,N,78108,2,NA,BACK END DAMAGE CONCENTRATED IMPACT,DAMAGED 1 MINIMUM,6,NA,NA,NA,N,TEXAS TOWING,GROWDON IMPOUND,NONE,NA,NA,NORTHWEST,Y,0,0,0,1,0,0,0
15411434,3,MOTOR VEHICLE,Y,N,TX,LB5TMCBD0CZ000077,NA,GRN,ALL OTHER MAKES,UNKNOWN,MOTORCYCLE,N,75204,2,NA,LEFT SIDE DAMAGE ANGULAR IMPACT,DAMAGED 1 MINIMUM,9,NA,NA,NA,N,"","",NONE,NA,NA,NORTH,N,0,0,0,0,0,0,0
15322225,2,MOTOR VEHICLE,N,N,TX,JKAEXVD197A104227,2007,GLD,KAWASAKI,NA,MOTORCYCLE,N,78043,1,PROOF OF LIABILITY INSURANCE,LEFT SIDE DAMAGE ANGULAR IMPACT,DAMAGED 1 MINIMUM,9,RIGHT SIDE DAMAGE ANGULAR IMPACT,DAMAGED 1 MINIMUM,3,N,DRIVER,DRIVEN AWAY,NONE,NA,NA,WEST,Y,0,0,1,0,0,1,0
14923320,2,MOTOR VEHICLE,N,N,TX,JH2PC37044M106793,2004,BLU,HONDA,UNKNOWN,MOTORCYCLE,N,79605,1,PROOF OF LIABILITY INSURANCE,"MOTORCYCLE, SCOOTER, MOPED, ETC. ONLY",DAMAGED 1 MINIMUM,10,NA,NA,NA,N,NOT TOWED,"",SPEEDING - (OVERLIMIT),NA,NA,WEST,Y,0,1,0,0,0,1,0
14900471,1,MOTOR VEHICLE,N,N,TX,1HD4LE219CC427111,NA,BLK,HARLEY-DAVIDSON,UNKNOWN,MOTORCYCLE,N,78660,1,LIABILITY INSURANCE POLICY,"MOTORCYCLE, SCOOTER, MOPED, ETC. ONLY",DAMAGED 1 MINIMUM,9,NA,NA,NA,Y,TRI CITY TOWING,1415 CENTRAL COMMERCE CIR,FAILED TO CONTROL SPEED,NA,NA,NORTHEAST,Y,0,1,0,0,0,1,0
14882525,1,MOTOR VEHICLE,N,N,TX,9D38345H6,1976,BLK,HARLEY-DAVIDSON,UNKNOWN,MOTORCYCLE,N,78745,1,LIABILITY INSURANCE POLICY,"MOTORCYCLE, SCOOTER, MOPED, ETC. ONLY",DAMAGED 1 MINIMUM,NA,NA,NA,NA,N,SOUTHSIDE WRECKER INC,SOUTHSIDE WRECKER INC,UNDER INFLUENCE - ALCOHOL,NA,NA,SOUTHWEST,Y,0,0,0,1,0,0,0
14934317,1,MOTOR VEHICLE,N,N,TX,JYARJ16E2CA026736,NA,GRY,YAMAHA,NA,MOTORCYCLE,N,78758,1,PROOF OF LIABILITY INSURANCE,FRONT END DAMAGE DISTRIBUTED IMPACT,DAMAGED 5,12,FRONT END DAMAGE DISTRIBUTED IMPACT,DAMAGED 5,11,N,HERNANDEZ WRECKER SERVICE,HERNANDEZ WRECKER SERVICE,FAILED TO CONTROL SPEED,NA,DRIVER INATTENTION,SOUTH,Y,0,0,0,1,0,0,0
14971515,1,MOTOR VEHICLE,N,N,TX,JH2PC4009FK800510,NA,BLK,HONDA,NA,MOTORCYCLE,N,76182,1,PROOF OF LIABILITY INSURANCE,DISTRIBUTED LEFT SIDE DAMAGE PARALLEL IMPACT,DAMAGED 5,2,NA,NA,NA,N,DRIVEN MY OWNER,OWNER LOCATION,HAD BEEN DRINKING,FAILED TO CONTROL SPEED,NA,NORTH,Y,0,0,1,0,0,1,0
14893022,1,MOTOR VEHICLE,N,N,TX,JKAEXVD124A086830,2004,SIL,KAWASAKI,NA,MOTORCYCLE,N,78209,1,PROOF OF LIABILITY INSURANCE,"MOTORCYCLE, SCOOTER, MOPED, ETC. ONLY",DAMAGED 1 MINIMUM,9,NA,NA,NA,N,MISSION TOWING,406 KAREN LN,FAULTY EVASIVE ACTION,NA,SPEEDING - (OVERLIMIT),NORTHWEST,Y,0,1,0,0,0,1,0
14899284,1,MOTOR VEHICLE,N,N,TX,1HFSC1806YA400277,2000,BLK,HONDA,UNKNOWN,MOTORCYCLE,N,78541,1,PROOF OF LIABILITY INSURANCE,"MOTORCYCLE, SCOOTER, MOPED, ETC. ONLY",DAMAGED 1 MINIMUM,11,NA,NA,NA,Y,PAPO'S WRECKER,"5 3/4 N. CONWAY MISSION, TX 78572",FAILED TO DRIVE IN SINGLE LANE,UNDER INFLUENCE - ALCOHOL,NA,EAST,Y,1,0,0,0,0,1,0
14981251,1,MOTOR VEHICLE,N,N,TX,JH2SC57075M103832,2005,BLK,HONDA,NA,MOTORCYCLE,N,79029,1,PROOF OF LIABILITY INSURANCE,FRONT END DAMAGE DISTRIBUTED IMPACT,DAMAGED 4,1,NA,NA,NA,N,PACKS WRECKER,PACKS WRECKER,FAILED TO CONTROL SPEED,FLEEING OR EVADING POLICE,NA,WEST,Y,0,1,0,0,0,1,0
14974457,1,MOTOR VEHICLE,N,N,TX,1HD1GHV115K306831,2005,BLK,HARLEY-DAVIDSON,NA,MOTORCYCLE,N,79924,1,PROOF OF LIABILITY INSURANCE,FRONT END DAMAGE DISTRIBUTED IMPACT,DAMAGED 2,12,NA,NA,NA,N,PRIVATE TOW,OWNERS REQUEST,FAILED TO YIELD ROW - TURNING LEFT,TURNED IMPROPERLY - WRONG LANE,NA,NORTH,Y,0,0,1,0,0,1,0
15133952,2,MOTOR VEHICLE,N,N,CO,3A58921H9,1979,WHI,HARLEY-DAVIDSON,UNKNOWN,MOTORCYCLE,N,80860,1,PROOF OF LIABILITY INSURANCE,"MOTORCYCLE, SCOOTER, MOPED, ETC. ONLY",DAMAGED 1 MINIMUM,NA,NA,NA,NA,N,"","",NONE,NA,NA,NORTHWEST,Y,0,1,0,0,0,1,0
15093082,1,MOTOR VEHICLE,N,N,TX,JYARN20E48A011794,NA,RED,YAMAHA,UNKNOWN,MOTORCYCLE,N,77076,2,NA,"MOTORCYCLE, SCOOTER, MOPED, ETC. ONLY",DAMAGED 1 MINIMUM,NA,NA,NA,NA,Y,RIGHT AWAY TOWING  #765,5675 W. TIDWELL RD.,NONE,NA,NA,SOUTH,Y,1,0,0,0,0,1,0
15113624,1,MOTOR VEHICLE,N,N,TX,JKAZXCC1X4A015768,2004,BLK,KAWASAKI,UNKNOWN,MOTORCYCLE,N,78703,1,PROOF OF LIABILITY INSURANCE,"MOTORCYCLE, SCOOTER, MOPED, ETC. ONLY",DAMAGED 1 MINIMUM,NA,NA,NA,NA,Y,"","",UNSAFE SPEED,DRIVER INATTENTION,NA,EAST,Y,0,1,0,0,0,1,0
14673345,2,MOTOR VEHICLE,N,N,TX,JYAVP02E61A014938,2001,RED,YAMAHA,UNKNOWN,MOTORCYCLE,N,78384,2,NA,"MOTORCYCLE, SCOOTER, MOPED, ETC. ONLY",DAMAGED 1 MINIMUM,1,NA,NA,NA,N,DANNY'S WRECKER SERVICE,"915 CECILIA   ALICE, TEXAS 78332",NONE,NA,NA,NORTHEAST,Y,0,0,1,0,0,1,0
15189783,1,MOTOR VEHICLE,N,N,TX,JKAZX2E16YA000472,2000,WHI,KAWASAKI,NA,MOTORCYCLE,N,76119,1,LIABILITY INSURANCE POLICY,FRONT END DAMAGE DISTRIBUTED IMPACT,DAMAGED 2,2,NA,NA,NA,N,SEGA TOWING,FORT WORTH AUTO POUND,FAILED TO YIELD ROW - OPEN INTERSECTION,NA,NA,NORTHWEST,Y,0,0,0,0,0,0,1
15228959,2,MOTOR VEHICLE,N,N,TX,1HD1JA5117Y038579,2007,BLU,HARLEY-DAVIDSON,NA,MOTORCYCLE,N,76692,1,LIABILITY INSURANCE POLICY,FRONT END DAMAGE DISTRIBUTED IMPACT,DAMAGED 3,12,NA,NA,NA,N,LONESTAR,"",NONE,NA,NA,NORTH,Y,1,0,0,0,0,1,0
15152122,2,MOTOR VEHICLE,Y,N,TX,1HD1JRV19GB022907,NA,GRN,HARLEY-DAVIDSON,NA,MOTORCYCLE,N,78626,1,PROOF OF LIABILITY INSURANCE,FRONT END DAMAGE DISTRIBUTED IMPACT,DAMAGED 4,12,RIGHT SIDE DAMAGE ANGULAR IMPACT,DAMAGED 3,3,"","","",OTHER (EXPLAIN IN NARRATIVE),NA,NA,WEST,Y,0,0,0,0,0,0,0
15177959,1,MOTOR VEHICLE,N,N,TX,JYARN23E6CA013521,NA,WHI,YAMAHA,NA,MOTORCYCLE,N,765040000,1,PROOF OF LIABILITY INSURANCE,FRONT END DAMAGE CONCENTRATED IMPACT,DAMAGED 1 MINIMUM,12,BACK END (RIGHT) DAMAGE PARTIAL CONTACT,DAMAGED 1 MINIMUM,NA,N,WARDS,WARDS,DRIVER INATTENTION,NA,NA,NORTH,Y,0,1,0,0,0,1,0
15209482,2,MOTOR VEHICLE,N,N,TX,1HD4NBB17FC503843,NA,BLK,HARLEY-DAVIDSON,NA,MOTORCYCLE,N,78046,1,LIABILITY INSURANCE POLICY,FRONT END DAMAGE CONCENTRATED IMPACT,DAMAGED 1 MINIMUM,12,NA,NA,NA,N,"","",NONE,NA,NA,NORTH,Y,0,0,1,0,0,1,0
15170392,1,MOTOR VEHICLE,N,N,TX,JKAEXMF1X6DA22465,2006,BLU,KAWASAKI,NA,MOTORCYCLE,N,76549,1,PROOF OF LIABILITY INSURANCE,FRONT END DAMAGE DISTRIBUTED IMPACT,DAMAGED 2,12,"MOTORCYCLE, SCOOTER, MOPED, ETC. ONLY",DAMAGED 1 MINIMUM,9,N,BILL'S TOWING (254)628-1010,"3700 BACON RANCH  KILLEEN, TX  76543",NONE,NA,NA,NORTH,Y,0,1,0,0,0,1,0
15179344,2,MOTOR VEHICLE,N,N,TX,1HD1JA5128Y078980,NA,BLK,HARLEY-DAVIDSON,NA,MOTORCYCLE,N,78602,2,NA,"MOTORCYCLE, SCOOTER, MOPED, ETC. ONLY",DAMAGED 1 MINIMUM,NA,NA,NA,NA,Y,USA AUTO SALES,291 HWY 290 E ELGIN TX 78602,NONE,NA,NA,SOUTH,Y,0,0,0,0,0,0,2
15270567,1,MOTOR VEHICLE,N,N,MX,KAEX8A12EA0086222,NA,GRN,KAWASAKI,NA,MOTORCYCLE,N,79912,2,NA,FRONT END DAMAGE DISTRIBUTED IMPACT,DAMAGED 2,1,NA,NA,NA,N,DRIVER,LEFT LEGALLY PARKED,NONE,NA,NA,WEST,Y,0,0,0,1,0,0,0
15175818,2,MOTOR VEHICLE,Y,N,NA,1HD1FC4118Y630337,NA,BLK,HARLEY-DAVIDSON,NA,MOTORCYCLE,N,75057,1,PROOF OF LIABILITY INSURANCE,FRONT END (LEFT) DAMAGE PARTIAL CONTACT,DAMAGED 3,11,DISTRIBUTED RIGHT SIDE DAMAGE PARALLEL IMPACT,DAMAGED 4,3,N,SELF,"",NONE,NA,NA,SOUTH,N,0,0,0,0,0,0,0
15252689,1,MOTOR VEHICLE,N,N,TX,1HD1GEL1XWY323823,1998,BLK,HARLEY-DAVIDSON,UNKNOWN,MOTORCYCLE,N,79720,1,LIABILITY INSURANCE POLICY,"MOTORCYCLE, SCOOTER, MOPED, ETC. ONLY",DAMAGED 1 MINIMUM,10,NA,NA,NA,N,"","",OTHER (EXPLAIN IN NARRATIVE),NA,NA,WEST,Y,0,1,0,0,0,1,0
15238746,2,MOTOR VEHICLE,N,N,MN,MLHMD3813D5000892,NA,WHI,HONDA,NA,MOTORCYCLE,N,78703,1,LIABILITY INSURANCE POLICY,FRONT END DAMAGE DISTRIBUTED IMPACT,DAMAGED 2,12,NA,NA,NA,Y,AVILES & GABES WRECKER SERVICE INC.,AVILES & GABES WRECKER SERVICE INC.,NONE,NA,NA,NORTHWEST,Y,0,0,1,0,0,1,0
15202052,2,MOTOR VEHICLE,N,N,TX,JKBVNCB1X3B517433,2003,RED,KAWASAKI,NA,MOTORCYCLE,N,79945,1,LIABILITY INSURANCE POLICY,FRONT END DAMAGE DISTRIBUTED IMPACT,NO DAMAGE,12,NA,NA,NA,N,"","",NONE,NA,NA,SOUTH,Y,0,0,1,0,0,1,0
15198573,2,MOTOR VEHICLE,N,N,TX,1HD1CGP174K417188,2004,BLK,HARLEY-DAVIDSON,NA,MOTORCYCLE,N,77026,2,NA,DISTRIBUTED RIGHT SIDE DAMAGE PARALLEL IMPACT,DAMAGED 3,3,NA,NA,NA,N,LAWRENCE WRECKER SERVICE 281-331-5022,"4511 CR 418, ROSHARON, TX, 77583",NONE,NA,NA,WEST,Y,0,1,0,0,0,1,0
15163849,1,MOTOR VEHICLE,N,N,TX,1HD1BWV17DB019799,NA,BLU,HARLEY-DAVIDSON,NA,MOTORCYCLE,N,79924,1,PROOF OF LIABILITY INSURANCE,LEFT SIDE DAMAGE ANGULAR IMPACT,DAMAGED 3,9,RIGHT SIDE DAMAGE ANGULAR IMPACT,DAMAGED 1 MINIMUM,9,Y,SOHLE,11615 RAILROAD,FAILED TO YIELD ROW - STOP SIGN,NA,NA,NORTH,Y,0,0,1,0,0,1,0
15329261,2,MOTOR VEHICLE,N,N,TX,1HD1FBW161Y660446,2001,BLK,HARLEY-DAVIDSON,UNKNOWN,MOTORCYCLE,N,76179,2,NA,LEFT SIDE DAMAGE ANGULAR IMPACT,DAMAGED 3,9,RIGHT SIDE DAMAGE ANGULAR IMPACT,DAMAGED 3,9,N,TEXAS TOWING,205 COMMERCIAL,NONE,NA,NA,SOUTHEAST,Y,1,0,0,0,0,1,0
15630307,2,MOTOR VEHICLE,N,N,TX,JYARJ06E13A007265,2003,WHI,YAMAHA,NA,MOTORCYCLE,N,76706,2,NA,"MOTORCYCLE, SCOOTER, MOPED, ETC. ONLY",DAMAGED 1 MINIMUM,NA,NA,NA,NA,Y,RIGHT AWAY TOWING,5675 W TIDWELL RD,NONE,NA,NA,WEST,N,0,1,0,0,0,1,0
15378703,2,MOTOR VEHICLE,N,N,SD,JH2RC44096K011163,2006,BLK,HONDA,NA,MOTORCYCLE,N,77480,2,NA,LEFT FRONT QUARTER DAMAGE ANGULAR IMPACT,DAMAGED 2,10,RIGHT FRONT QUARTER DAMAGE ANGULAR IMPACT,DAMAGED 2,2,N,"","",FAULTY EVASIVE ACTION,NA,FAILED TO CONTROL SPEED,EAST,Y,0,1,0,0,0,1,0
14858229,2,MOTOR VEHICLE,N,N,TX,1HD1FHW196Y687635,2006,BLK,HARLEY-DAVIDSON,NA,MOTORCYCLE,N,77546,1,PROOF OF LIABILITY INSURANCE,RIGHT SIDE DAMAGE ANGULAR IMPACT,DAMAGED 1 MINIMUM,3,NA,NA,NA,N,OWNER,DRIVEN FROM SCENE,NONE,NA,NA,WEST,Y,0,0,0,1,0,0,0