CRASH_ID,UNIT_NBR,UNIT_DESC_ID,VEH_PARKED_FL,VEH_HNR_FL,VEH_LIC_STATE_ID,VIN,VEH_MOD_YEAR,VEH_COLOR_ID,VEH_MAKE_ID,VEH_MOD_ID,VEH_BODY_STYL_ID,EMER_RESPNDR_FL,OWNR_ZIP,FIN_RESP_PROOF_ID,FIN_RESP_TYPE_ID,VEH_DMAG_AREA_1_ID,VEH_DMAG_SCL_1_ID,FORCE_DIR_1_ID,VEH_DMAG_AREA_2_ID,VEH_DMAG_SCL_2_ID,FORCE_DIR_2_ID,VEH_INVENTORIED_FL,VEH_TRANSP_NAME,VEH_TRANSP_DEST,CONTRIB_FACTR_1_ID,CONTRIB_FACTR_2_ID,CONTRIB_FACTR_P1_ID,VEH_TRVL_DIR_ID,FIRST_HARM_EVT_INV_ID,INCAP_INJRY_CNT,NONINCAP_INJRY_CNT,POSS_INJRY_CNT,NON_INJRY_CNT,UNKN_INJRY_CNT,TOT_INJRY_CNT,DEATH_CNT
14889921,1,MOTOR VEHICLE,N,N,TX,JKAZXCG18CA014823,NA,BLK,KAWASAKI,UNKNOWN,MOTORCYCLE,N,78758,1,PROOF OF LIABILITY INSURANCE,FRONT END DAMAGE DISTRIBUTED IMPACT,DAMAGED 3,12,NA,NA,NA,N,ROCHAS TOWING SERVICE,ROCHAS TOWING SERVICE,DISREGARD STOP SIGN OR LIGHT,NA,OTHER (EXPLAIN IN NARRATIVE),SOUTHWEST,Y,0,1,0,0,0,1,0
14937066,2,MOTOR VEHICLE,N,N,TX,JYARJ16EXEA030987,NA,GRY,YAMAHA,UNKNOWN,MOTORCYCLE,N,78043,2,NA,"MOTORCYCLE, SCOOTER, MOPED, ETC. ONLY",DAMAGED 1 MINIMUM,12,NA,NA,NA,Y,CABELLO WRECKER SERVICE,"2601 GUADALUPE ST. LAREDO, TX",NONE,NA,NA,NORTH,Y,0,0,1,0,0,1,0
14883225,1,MOTOR VEHICLE,N,N,TX,JS1GW72B3B2100678,NA,BLK,SUZUKI,UNKNOWN,MOTORCYCLE,N,75067,1,PROOF OF LIABILITY INSURANCE,"MOTORCYCLE, SCOOTER, MOPED, ETC. ONLY",DAMAGED 1 MINIMUM,1,NA,NA,NA,N,PRO-TOW,"1006 EAST MAIN STREET, LEWISVILLE, TEXAS",UNSAFE SPEED,NA,NA,NORTHWEST,Y,0,1,0,0,0,1,0
14970438,2,MOTOR VEHICLE,N,N,TX,1HD1BZB186Y053045,2006,BLK,HARLEY-DAVIDSON,UNKNOWN,MOTORCYCLE,N,78069,1,PROOF OF LIABILITY INSURANCE,"MOTORCYCLE, SCOOTER, MOPED, ETC. ONLY",DAMAGED 1 MINIMUM,NA,NA,NA,NA,Y,SOUTH TEXAS TOWING,"5035 HWY 90 E, HONDO, TX, 78861",NONE,NA,NA,EAST,Y,0,0,0,0,0,0,1
14842665,2,MOTOR VEHICLE,N,N,TX,JH2SC68HXEK200108,NA,RED,HONDA,UNKNOWN,MOTORCYCLE,N,77423,1,PROOF OF LIABILITY INSURANCE,"MOTORCYCLE, SCOOTER, MOPED, ETC. ONLY",DAMAGED 1 MINIMUM,NA,NA,NA,NA,N,GREGORY'S WRECKER SERVICE (281) 934-8711,"1450 KELLNER RD, BROOKSHIRE, TX, 77423",NONE,NA,NA,NORTHEAST,Y,0,2,0,0,0,2,0
15128937,2,MOTOR VEHICLE,N,N,TX,1HD1TD912DB962131,NA,BLK,HARLEY-DAVIDSON,NA,MOTORCYCLE,N,77386,1,PROOF OF LIABILITY INSURANCE,BACK END DAMAGE CONCENTRATED IMPACT,DAMAGED 1 MINIMUM,6,NA,NA,NA,N,"","",NONE,NA,NA,WEST,Y,0,0,0,1,0,0,0
15000191,1,MOTOR VEHICLE,N,N,TX,1HD1BXB1X6Y041810,2006,BLU,HARLEY-DAVIDSON,NA,MOTORCYCLE,N,78748,1,PROOF OF LIABILITY INSURANCE,BACK END DAMAGE DISTRIBUTED IMPACT,DAMAGED 4,NA,RIGHT SIDE DAMAGE ANGULAR IMPACT,DAMAGED 3,NA,N,"","",CHANGED LANE WHEN UNSAFE,DRIVER INATTENTION,NA,NORTHEAST,Y,0,1,0,0,0,1,0
15107465,1,MOTOR VEHICLE,N,N,TX,1HFSC1808YA400412,2000,MUL,HONDA,UNKNOWN,MOTORCYCLE,N,77515,1,PROOF OF LIABILITY INSURANCE,"MOTORCYCLE, SCOOTER, MOPED, ETC. ONLY",DAMAGED 1 MINIMUM,NA,NA,NA,NA,Y,MEYER TOWING,"1026 S VELASCO, ANGLETON, TX 77515",FLEEING OR EVADING POLICE,FAILED TO CONTROL SPEED,NA,EAST,Y,1,0,0,0,0,1,0
15000322,2,MOTOR VEHICLE,N,N,TX,1HD1GX4137K309678,2007,BLK,HARLEY-DAVIDSON,NA,MOTORCYCLE,N,79101,1,PROOF OF LIABILITY INSURANCE,FRONT END DAMAGE DISTRIBUTED IMPACT,DAMAGED 4,12,NA,NA,NA,N,COMPETITION TOWING,"8409 I40 E, AMA, TX 79118 373-5858",NONE,NA,NA,SOUTHWEST,Y,0,0,1,0,0,1,0
15069514,1,MOTOR VEHICLE,N,N,TX,4MZKP13CX23500812,2002,BLK,BUELL,NA,MOTORCYCLE,N,78254,2,NA,FRONT END DAMAGE DISTRIBUTED IMPACT,DAMAGED 5,12,NA,NA,NA,N,TEXAS TOWING,GROWDON POUND,UNDER INFLUENCE - ALCOHOL,NA,OVERTAKE AND PASS INSUFFICIENT CLEARANCE,NORTH,Y,1,0,0,0,0,1,0
15093500,4,MOTOR VEHICLE,Y,N,TX,JYAVM01Y01A005432,2001,BLK,YAMAHA,NA,MOTORCYCLE,N,79107,2,NA,RIGHT FRONT QUARTER DAMAGE ANGULAR IMPACT,DAMAGED 5,4,DISTRIBUTED LEFT SIDE DAMAGE PARALLEL IMPACT,DAMAGED 5,4,N,"","",NONE,NA,NA,EAST,N,0,0,0,0,0,0,0
15117524,3,MOTOR VEHICLE,N,N,TX,JS1GT74A022102692,2002,RED,SUZUKI,NA,MOTORCYCLE,N,79401,1,PROOF OF LIABILITY INSURANCE,DISTRIBUTED RIGHT SIDE DAMAGE PARALLEL IMPACT,DAMAGED 4,3,NA,NA,NA,N,LUBBOCK WRECKER,LUBBOCK WRECKER  3209 SLATON HWY   806-7,NONE,NA,NA,WEST,N,0,2,0,0,0,2,0
15070399,1,MOTOR VEHICLE,N,N,TX,1HD1FCW12YY604732,2000,RED,HARLEY-DAVIDSON,NA,MOTORCYCLE,N,77044,1,PROOF OF LIABILITY INSURANCE,FRONT END DAMAGE DISTRIBUTED IMPACT,DAMAGED 1 MINIMUM,12,NA,NA,NA,N,UNKNOWN,UNKNOWN,NA,NA,SPEEDING - (OVERLIMIT),EAST,Y,0,1,0,0,0,1,0
14504626,2,MOTOR VEHICLE,N,N,TX,JS1GT76A452103913,2005,MUL,SUZUKI,NA,MOTORCYCLE,N,79938,1,PROOF OF LIABILITY INSURANCE,FRONT END DAMAGE DISTRIBUTED IMPACT,DAMAGED 6,12,DISTRIBUTED LEFT SIDE DAMAGE PARALLEL IMPACT,DAMAGED 2,9,N,AD WRECKER,AD WRECKER,NONE,NA,NA,EAST,Y,0,0,1,0,0,1,0
15089542,2,MOTOR VEHICLE,N,N,TX,ZAPM459L295008373,NA,RED,VESPA,UNKNOWN,MOTORCYCLE,N,77004,1,PROOF OF LIABILITY INSURANCE,"MOTORCYCLE, SCOOTER, MOPED, ETC. ONLY",DAMAGED 1 MINIMUM,NA,NA,NA,NA,N,ELITE COLLISION,1733 ENNIS,NONE,NA,NA,SOUTH,Y,0,0,1,0,0,1,0
15069994,2,MOTOR VEHICLE,N,N,TX,1HD1JDV18EB038080,NA,BLK,HARLEY-DAVIDSON,NA,MOTORCYCLE,N,76009,1,LIABILITY INSURANCE POLICY,"MOTORCYCLE, SCOOTER, MOPED, ETC. ONLY",DAMAGED 1 MINIMUM,NA,NA,NA,NA,N,B&W WRECKER,"1960 S BURLESON BLVD, BURLESON, TX",NONE,NA,NA,EAST,Y,1,0,0,0,0,1,0
15023040,1,MOTOR VEHICLE,N,N,CA,1HD1GDL31RY310202,1994,BLK,HARLEY-DAVIDSON,UNKNOWN,MOTORCYCLE,N,79938,2,NA,"MOTORCYCLE, SCOOTER, MOPED, ETC. ONLY",DAMAGED 1 MINIMUM,NA,NA,NA,NA,N,NEW BRAUNFELS TOWING,"5927 SAFARI LANE NEW BRAUNFELS, X 78130",UNSAFE SPEED,PASSED IN NO PASSING LANE,UNDER INFLUENCE - ALCOHOL,NORTHEAST,Y,1,0,0,0,0,1,0
15181129,1,MOTOR VEHICLE,N,N,TX,RLHKF1800FY000575,NA,BLK,HONDA,UNKNOWN,MOTORCYCLE,N,77662,1,PROOF OF LIABILITY INSURANCE,"MOTORCYCLE, SCOOTER, MOPED, ETC. ONLY",DAMAGED 1 MINIMUM,NA,NA,NA,NA,Y,EARNEST KNAPP,"5760 HWY 105 VIDOR, TX 77662",UNDER INFLUENCE - DRUG,FAILED TO DRIVE IN SINGLE LANE,FATIGUED OR ASLEEP,WEST,Y,0,1,0,0,0,1,0
15253886,2,MOTOR VEHICLE,N,N,OK,JKAEXVD135A091309,2005,BLK,KAWASAKI,NA,MOTORCYCLE,N,77060,1,PROOF OF LIABILITY INSURANCE,"MOTORCYCLE, SCOOTER, MOPED, ETC. ONLY",DAMAGED 1 MINIMUM,NA,NA,NA,NA,N,GREENSPOINT TOWING,5901 NORTH FWY,NONE,NA,NA,WEST,Y,0,0,1,0,0,1,0
15287822,1,MOTOR VEHICLE,N,N,TX,JH2PF0146BK800038,NA,BLK,HONDA,NA,MOTORCYCLE,N,78238,1,PROOF OF LIABILITY INSURANCE,DISTRIBUTED LEFT SIDE DAMAGE PARALLEL IMPACT,DAMAGED 2,9,NA,NA,NA,N,"","",NONE,NA,NA,EAST,Y,0,0,0,1,0,0,0
15254690,1,MOTOR VEHICLE,N,N,TX,1HD4CJM161K116101,2001,YEL,HARLEY-DAVIDSON,UNKNOWN,MOTORCYCLE,N,75497,1,PROOF OF LIABILITY INSURANCE,RIGHT FRONT QUARTER DAMAGE ANGULAR IMPACT,DAMAGED 1 MINIMUM,2,NA,NA,NA,N,RODNEY ELLIS 903-714-6473,444 CR 1895 YANTIS TX,UNSAFE SPEED,NA,NA,SOUTHEAST,Y,0,1,0,0,0,1,0
15276910,1,MOTOR VEHICLE,N,N,TX,JKAZRBC10XA024987,1999,BLK,KAWASAKI,UNKNOWN,MOTORCYCLE,N,75041,1,PROOF OF LIABILITY INSURANCE,"MOTORCYCLE, SCOOTER, MOPED, ETC. ONLY",DAMAGED 1 MINIMUM,NA,NA,NA,NA,Y,I-45 WRECKER (903.874.8202),"1900 S. BUS 45 CORSICANA, TX  75110",UNSAFE SPEED,HAD BEEN DRINKING,OTHER (EXPLAIN IN NARRATIVE),SOUTH,Y,0,0,1,0,0,1,0
15242754,3,MOTOR VEHICLE,N,N,TX,MLHPC4415D5003353,NA,BLK,HONDA,NA,MOTORCYCLE,N,78602,1,PROOF OF LIABILITY INSURANCE,DISTRIBUTED RIGHT SIDE DAMAGE PARALLEL IMPACT,DAMAGED 2,1,DISTRIBUTED LEFT SIDE DAMAGE PARALLEL IMPACT,DAMAGED 2,11,N,MACEDO,"204 E MCGREGOR DR, MCGREGOR TX 76657",NONE,NA,NA,SOUTH,N,0,0,1,0,0,1,0
15412770,1,MOTOR VEHICLE,N,N,TX,1HD1BML18VY031899,1997,BLU,HARLEY-DAVIDSON,NA,MOTORCYCLE,N,76706,1,PROOF OF LIABILITY INSURANCE,"MOTORCYCLE, SCOOTER, MOPED, ETC. ONLY",DAMAGED 1 MINIMUM,9,NA,NA,NA,Y,HOGG WRECKER SERVICE 254-715-6384,HOGG WRECKER SERVICE RIESEL TX,UNDER INFLUENCE - ALCOHOL,FAILED TO CONTROL SPEED,NA,SOUTH,Y,0,1,0,0,0,1,0
15397948,1,MOTOR VEHICLE,N,N,TX,5VPDW36N9E3035924,NA,BLK,VICTORY,UNKNOWN,MOTORCYCLE,N,76244,1,LIABILITY INSURANCE POLICY,DISTRIBUTED RIGHT SIDE DAMAGE PARALLEL IMPACT,DAMAGED 1 MINIMUM,3,DISTRIBUTED LEFT SIDE DAMAGE PARALLEL IMPACT,DAMAGED 1 MINIMUM,9,N,GARY HOWARD,"1799 N HWY 81, DECATUR 9406272852",ANIMAL ON ROAD- WILD,NA,NA,NORTH,Y,0,1,0,0,0,1,0
14963473,1,MOTOR VEHICLE,N,N,TX,1HD1FBM14EB692128,NA,MAR,HARLEY-DAVIDSON,UNKNOWN,MOTORCYCLE,N,78745,1,PROOF OF LIABILITY INSURANCE,DISTRIBUTED LEFT SIDE DAMAGE PARALLEL IMPACT,DAMAGED 3,11,NA,NA,NA,Y,ROCHAS TOWING SERVICE,ROCHAS TOWING SERVICE,UNDER INFLUENCE - ALCOHOL,TURNED IMPROPERLY - CUT CORNER ON LEFT,NA,WEST,Y,1,0,0,0,0,1,0
14899029,1,MOTOR VEHICLE,N,N,TX,1HD4CAM12XK138007,1999,BLK,HARLEY-DAVIDSON,UNKNOWN,MOTORCYCLE,Y,79924,1,PROOF OF LIABILITY INSURANCE,"MOTORCYCLE, SCOOTER, MOPED, ETC. ONLY",DAMAGED 1 MINIMUM,1,NA,NA,NA,N,DRIVER,TRAFFIC,OTHER (EXPLAIN IN NARRATIVE),NA,NA,NORTH,Y,0,0,0,1,0,0,0
14925546,2,MOTOR VEHICLE,N,N,TX,1HD1CGP17XK129529,1999,PLE,HARLEY-DAVIDSON,NA,MOTORCYCLE,N,76026,1,PROOF OF LIABILITY INSURANCE,FRONT END DAMAGE DISTRIBUTED IMPACT,DAMAGED 2,12,NA,NA,NA,N,"","",NONE,NA,NA,EAST,Y,0,1,0,0,0,1,0
14936734,2,MOTOR VEHICLE,N,Y,TX,JH2PC2102VM800659,1997,BLK,HONDA,UNKNOWN,MOTORCYCLE,N,79763,1,PROOF OF LIABILITY INSURANCE,BACK END DAMAGE DISTRIBUTED IMPACT,DAMAGED 1 MINIMUM,6,NA,NA,NA,"","","",CHANGED LANE WHEN UNSAFE,NA,NA,WEST,Y,0,0,0,1,0,0,0
14966236,1,MOTOR VEHICLE,N,N,TX,1HD1GXM13EC300857,NA,BLK,HARLEY-DAVIDSON,NA,MOTORCYCLE,N,79938,2,NA,FRONT END DAMAGE CONCENTRATED IMPACT,DAMAGED 1 MINIMUM,12,DISTRIBUTED LEFT SIDE DAMAGE PARALLEL IMPACT,DAMAGED 1 MINIMUM,9,N,OWNER,13841 MONTANA,FAILED TO CONTROL SPEED,NA,NA,EAST,Y,0,0,1,0,0,1,0
14900449,1,MOTOR VEHICLE,N,N,TX,1HD1KEM13DB680287,NA,SIL,HARLEY-DAVIDSON,UNKNOWN,MOTORCYCLE,N,76135,1,PROOF OF LIABILITY INSURANCE,FRONT END DAMAGE DISTRIBUTED IMPACT,DAMAGED 4,12,NA,NA,NA,N,TEXAS TOWING,"4520 EBBTIDE COURT, FORT WORTH",DISREGARD STOP SIGN OR LIGHT,NA,DRIVER INATTENTION,EAST,Y,1,0,0,0,0,1,0
14937631,2,MOTOR VEHICLE,N,N,TX,1HD1KRM15FB661427,NA,WHI,HARLEY-DAVIDSON,NA,MOTORCYCLE,N,77657,1,PROOF OF LIABILITY INSURANCE,"MOTORCYCLE, SCOOTER, MOPED, ETC. ONLY",DAMAGED 1 MINIMUM,NA,NA,NA,NA,Y,BIGBIRD'S WRECKER,"195 S LHS DR, LUMBERTON, TX 77657",NONE,NA,NA,NORTH,Y,0,0,0,0,0,0,1
14968192,2,MOTOR VEHICLE,N,N,TX,JS1GN7EA992101995,NA,BLK,SUZUKI,NA,MOTORCYCLE,N,79915,1,LIABILITY INSURANCE POLICY,FRONT END (LEFT) DAMAGE PARTIAL CONTACT,DAMAGED 5,11,DISTRIBUTED RIGHT SIDE DAMAGE PARALLEL IMPACT,DAMAGED 3,3,N,"","",NONE,NA,NA,WEST,Y,0,0,1,0,0,1,0
14890008,2,MOTOR VEHICLE,N,N,TX,ZDM13BLW2CB009349,NA,RED,DUCATI,NA,MOTORCYCLE,N,77077,1,PROOF OF LIABILITY INSURANCE,BACK END DAMAGE CONCENTRATED IMPACT,DAMAGED 1 MINIMUM,NA,LEFT FRONT QUARTER DAMAGE ANGULAR IMPACT,DAMAGED 1 MINIMUM,10,N,TOWNCENTER TOWING,"7250 SOUTHWEST FWY, HOUSTON, TX, 77074",NONE,NA,NA,SOUTH,Y,0,0,0,1,0,0,0
15010880,2,MOTOR VEHICLE,N,N,TX,1HD1FFW163Y629448,2003,BLK,HARLEY-DAVIDSON,UNKNOWN,MOTORCYCLE,N,77371,2,NA,"MOTORCYCLE, SCOOTER, MOPED, ETC. ONLY",DAMAGED 1 MINIMUM,NA,NA,NA,NA,Y,KEN'S TOWING  936-327-4338,"1806 N. WASHINGTON, LIVINGSTON TX 77351",NONE,NA,NA,NORTH,Y,0,1,0,0,0,1,0
15052552,1,MOTOR VEHICLE,N,N,TX,JH2PC37056M303507,2006,BLK,HONDA,NA,MOTORCYCLE,N,75965,1,PROOF OF LIABILITY INSURANCE,LEFT FRONT QUARTER DAMAGE ANGULAR IMPACT,DAMAGED 1 MINIMUM,10,RIGHT SIDE DAMAGE ANGULAR IMPACT,DAMAGED 1 MINIMUM,3,N,"","",FAILED TO DRIVE IN SINGLE LANE,NA,NA,WEST,Y,0,0,1,0,0,1,0
15126692,2,MOTOR VEHICLE,N,N,TX,JYARM06EXGA006239,NA,SIL,YAMAHA,NA,MOTORCYCLE,N,78382,1,PROOF OF LIABILITY INSURANCE,FRONT END DAMAGE CONCENTRATED IMPACT,DAMAGED 3,12,NA,NA,NA,N,"","",NONE,NA,NA,NORTH,Y,1,0,0,0,0,1,0
15005308,1,MOTOR VEHICLE,N,N,TX,JYAVM01E8YA021622,2000,RED,YAMAHA,UNKNOWN,MOTORCYCLE,N,76117,3,PROOF OF LIABILITY INSURANCE,"MOTORCYCLE, SCOOTER, MOPED, ETC. ONLY",DAMAGED 1 MINIMUM,9,NA,NA,NA,N,BIG DADDYS WRECKER SERVICE,212  NORTH COVINGTON ST. HILLSBORO TX,FAILED TO CONTROL SPEED,DRIVER INATTENTION,NA,NORTH,Y,0,0,1,0,0,1,0
15080148,1,MOTOR VEHICLE,N,N,TX,1HD1MAM16AB854075,NA,BLU,HARLEY-DAVIDSON,NA,MOTORCYCLE,N,78558,1,PROOF OF LIABILITY INSURANCE,"MOTORCYCLE, SCOOTER, MOPED, ETC. ONLY",DAMAGED 1 MINIMUM,11,NA,NA,NA,Y,A&A AUTO & WRECKER SERVICES,"8025 SH 107 EDINBURG, TX 78542",FAILED TO DRIVE IN SINGLE LANE,NA,HAD BEEN DRINKING,WEST,Y,0,1,0,0,0,1,0
15014959,1,MOTOR VEHICLE,N,N,TX,1HD1CGP49WY201692,1998,BRO,HARLEY-DAVIDSON,NA,MOTORCYCLE,N,79705,1,PROOF OF LIABILITY INSURANCE,DISTRIBUTED LEFT SIDE DAMAGE PARALLEL IMPACT,DAMAGED 1 MINIMUM,2,NA,NA,NA,N,DRIVEN AWAY,"",DISREGARD STOP SIGN OR LIGHT,DRIVER INATTENTION,NA,NORTH,Y,0,1,0,0,0,1,0
15107598,2,MOTOR VEHICLE,N,N,TX,JS1VS52A642100742,2004,BLK,SUZUKI,NA,MOTORCYCLE,N,76513,1,PROOF OF LIABILITY INSURANCE,FRONT END DAMAGE CONCENTRATED IMPACT,DAMAGED 5,12,NA,NA,NA,N,BIG JOHNS,"1502 HOLLAND RD, BELTON, TX 76513",NONE,NA,NA,WEST,Y,0,0,0,0,0,0,1
15158453,1,MOTOR VEHICLE,N,N,TX,1HD1FFM16DB617064,NA,BLK,HARLEY-DAVIDSON,UNKNOWN,MOTORCYCLE,N,79735,1,LIABILITY INSURANCE POLICY,"MOTORCYCLE, SCOOTER, MOPED, ETC. ONLY",DAMAGED 1 MINIMUM,12,NA,NA,NA,N,ACTION WRECKER SERVICE,1109 S MIDLAND DR MIDLAND TX 79703,NONE,NA,NA,WEST,Y,1,0,0,0,0,1,0
15258469,2,MOTOR VEHICLE,N,N,TX,JH2PC2102VM800659,1997,BLK,HONDA,UNKNOWN,MOTORCYCLE,N,79763,1,PROOF OF LIABILITY INSURANCE,"MOTORCYCLE, SCOOTER, MOPED, ETC. ONLY",DAMAGED 1 MINIMUM,6,NA,NA,NA,N,"","",NONE,NA,NA,WEST,Y,0,0,0,1,0,0,0
15165323,2,MOTOR VEHICLE,N,N,TX,JKAEXVD139A113881,NA,BLK,KAWASAKI,UNKNOWN,MOTORCYCLE,N,79336,1,PROOF OF LIABILITY INSURANCE,FRONT END DAMAGE DISTRIBUTED IMPACT,DAMAGED 4,12,NA,NA,NA,N,BUSH WRECKER,BUSH'S GARAGE,NONE,NA,NA,WEST,Y,1,0,0,0,0,1,0
15209723,2,MOTOR VEHICLE,N,N,TX,JH2RC50364K010328,2004,SIL,HONDA,UNKNOWN,MOTORCYCLE,N,79761,1,PROOF OF LIABILITY INSURANCE,RIGHT SIDE DAMAGE ANGULAR IMPACT,DAMAGED 2,3,NA,NA,NA,N,NEAL POOL REKERS,1117 S GRANT AVE,NONE,NA,NA,NORTH,Y,0,1,0,0,0,1,0
15164313,1,MOTOR VEHICLE,N,N,TX,KM4MP578271601787,2007,GRN,HYOSUNG,NA,MOTORCYCLE,Y,79922,2,NA,RIGHT SIDE DAMAGE ANGULAR IMPACT,DAMAGED 3,2,NA,NA,NA,N,"","",FAILED TO PASS TO LEFT SAFELY,NA,NA,SOUTH,Y,0,0,0,0,1,0,0
15181210,2,MOTOR VEHICLE,N,N,TX,JKAVN2C188A017135,NA,RED,KAWASAKI,NA,MOTORCYCLE,N,75470,1,PROOF OF LIABILITY INSURANCE,BACK END DAMAGE CONCENTRATED IMPACT,DAMAGED 1 MINIMUM,6,NA,NA,NA,N,"","",NONE,NA,NA,SOUTH,Y,0,0,0,1,0,0,0
15211705,2,MOTOR VEHICLE,N,N,TX,1HD1KEM26DB640956,NA,BLK,HARLEY-DAVIDSON,UNKNOWN,MOTORCYCLE,N,77047,1,LIABILITY INSURANCE POLICY,FRONT END DAMAGE DISTRIBUTED IMPACT,DAMAGED 2,NA,NA,NA,NA,N,"","",NONE,NA,NA,NORTH,Y,0,0,1,0,0,1,0
15243475,3,MOTOR VEHICLE,N,N,TX,JS1GX72B7D2101851,NA,YEL,SUZUKI,NA,MOTORCYCLE,N,77050,1,PROOF OF LIABILITY INSURANCE,"MOTORCYCLE, SCOOTER, MOPED, ETC. ONLY",DAMAGED 1 MINIMUM,NA,NA,NA,NA,N,RS TOWING,11360 EASTEX FRWY,NONE,NA,NA,EAST,N,1,0,0,0,0,1,0
15261577,2,MOTOR VEHICLE,N,N,TX,1HD1GEL17VY322952,1997,GRN,HARLEY-DAVIDSON,NA,MOTORCYCLE,N,78669,1,PROOF OF LIABILITY INSURANCE,"MOTORCYCLE, SCOOTER, MOPED, ETC. ONLY",DAMAGED 1 MINIMUM,NA,NA,NA,NA,Y,WIMBERLEY TOWING,"12 ELMBROOK DR, WIMBERLEY, TX 78676",NONE,NA,NA,NORTHWEST,Y,0,1,0,0,0,1,0
15443021,2,MOTOR VEHICLE,N,N,TX,JS1VS55A6C2100539,NA,BLK,SUZUKI,NA,MOTORCYCLE,N,78212,1,LIABILITY INSURANCE POLICY,BACK END DAMAGE DISTRIBUTED IMPACT,DAMAGED 3,7,DISTRIBUTED RIGHT SIDE DAMAGE PARALLEL IMPACT,DAMAGED 3,3,Y,CONTRACT,GROWDON POUND,NONE,NA,NA,EAST,Y,0,1,0,0,0,1,0
15435778,2,MOTOR VEHICLE,N,N,TX,JH2RC5009EK100371,NA,BLK,HONDA,NA,MOTORCYCLE,N,79936,1,PROOF OF LIABILITY INSURANCE,FRONT END DAMAGE DISTRIBUTED IMPACT,DAMAGED 4,12,FRONT END (LEFT) DAMAGE PARTIAL CONTACT,DAMAGED 3,11,N,DEPENDABLE TOWING,OWNERS REQUEST,OTHER (EXPLAIN IN NARRATIVE),NA,NA,WEST,Y,0,0,1,0,0,1,0
15317011,1,MOTOR VEHICLE,N,N,TX,JKAVN2D167A010245,2007,SIL,KAWASAKI,NA,MOTORCYCLE,N,75968,1,LIABILITY INSURANCE POLICY,"MOTORCYCLE, SCOOTER, MOPED, ETC. ONLY",DAMAGED 1 MINIMUM,11,NA,NA,NA,N,TATES WRECKER 409-584-2131,"746 US 96 PINELAND,TX. 75968",UNSAFE SPEED,UNDER INFLUENCE - ALCOHOL,NA,WEST,Y,1,0,0,0,0,1,0
15498422,1,MOTOR VEHICLE,N,N,TX,JYAVP32E7EA003969,NA,BLK,YAMAHA,UNKNOWN,MOTORCYCLE,N,79720,1,PROOF OF LIABILITY INSURANCE,FRONT END DAMAGE DISTRIBUTED IMPACT,DAMAGED 2,12,DISTRIBUTED RIGHT SIDE DAMAGE PARALLEL IMPACT,DAMAGED 2,1,N,"","",UNSAFE SPEED,NA,NA,NORTHEAST,Y,0,0,1,0,0,1,0
15460979,3,MOTOR VEHICLE,N,N,TX,L9NTELKE9G1200633,NA,BLK,ALL OTHER MAKES,NA,MOTORCYCLE,N,75214,2,NA,"MOTORCYCLE, SCOOTER, MOPED, ETC. ONLY",DAMAGED 1 MINIMUM,3,NA,NA,NA,Y,CONTRACT WRECKER,"1955 VILBIG RD, DALLAS, TEXAS",NONE,NA,NA,SOUTH,N,0,0,1,0,0,1,0
14901415,1,MOTOR VEHICLE,N,N,TX,JS1GW71A652104169,2005,SIL,SUZUKI,NA,MOTORCYCLE,N,76031,1,LIABILITY INSURANCE POLICY,DISTRIBUTED LEFT SIDE DAMAGE PARALLEL IMPACT,DAMAGED 4,11,NA,NA,NA,N,"","",UNSAFE SPEED,NA,ANIMAL ON ROAD- WILD,SOUTHEAST,Y,0,0,0,1,0,0,0
14898984,2,MOTOR VEHICLE,N,N,UN,"",NA,BLK,KAWASAKI,NA,MOTORCYCLE,N,"",2,NA,"MOTORCYCLE, SCOOTER, MOPED, ETC. ONLY",DAMAGED 1 MINIMUM,12,NA,NA,NA,Y,MISSION TOWING,GROWDON POUND,DRIVER INATTENTION,FOLLOWED TOO CLOSELY,UNSAFE SPEED,NORTH,N,0,1,0,0,0,1,0
14954085,3,MOTOR VEHICLE,N,N,TX,MLHMC4102D5303642,NA,ONG,HONDA,UNKNOWN,MOTORCYCLE,N,78263,1,LIABILITY INSURANCE POLICY,"MOTORCYCLE, SCOOTER, MOPED, ETC. ONLY",DAMAGED 1 MINIMUM,NA,NA,NA,NA,N,DRIVEN AWAY BY RIDER,DRIVER AWAY BY RIDER,NONE,NA,NA,SOUTHWEST,N,0,0,1,0,0,1,0
14958707,1,MOTOR VEHICLE,N,N,TX,1HD1JA5127Y061045,2007,BLK,HARLEY-DAVIDSON,NA,MOTORCYCLE,N,78645,1,PROOF OF LIABILITY INSURANCE,"MOTORCYCLE, SCOOTER, MOPED, ETC. ONLY",DAMAGED 1 MINIMUM,1,NA,NA,NA,N,CEDAR PARK WRECKER (512)267-5100,"13300 B WIRE RD; LEANDER, TX",FAULTY EVASIVE ACTION,NA,UNDER INFLUENCE - ALCOHOL,NORTH,Y,0,0,0,1,0,0,0