CRASH_ID,UNIT_NBR,UNIT_DESC_ID,VEH_PARKED_FL,VEH_HNR_FL,VEH_LIC_STATE_ID,VIN,VEH_MOD_YEAR,VEH_COLOR_ID,VEH_MAKE_ID,VEH_MOD_ID,VEH_BODY_STYL_ID,EMER_RESPNDR_FL,OWNR_ZIP,FIN_RESP_PROOF_ID,FIN_RESP_TYPE_ID,VEH_DMAG_AREA_1_ID,VEH_DMAG_SCL_1_ID,FORCE_DIR_1_ID,VEH_DMAG_AREA_2_ID,VEH_DMAG_SCL_2_ID,FORCE_DIR_2_ID,VEH_INVENTORIED_FL,VEH_TRANSP_NAME,VEH_TRANSP_DEST,CONTRIB_FACTR_1_ID,CONTRIB_FACTR_2_ID,CONTRIB_FACTR_P1_ID,VEH_TRVL_DIR_ID,FIRST_HARM_EVT_INV_ID,INCAP_INJRY_CNT,NONINCAP_INJRY_CNT,POSS_INJRY_CNT,NON_INJRY_CNT,UNKN_INJRY_CNT,TOT_INJRY_CNT,DEATH_CNT
14969512,2,MOTOR VEHICLE,N,N,NA,L1ETCBMJXCA000101,NA,BLK,UNKNOWN,UNKNOWN,MOTORCYCLE,N,75077,2,NA,"MOTORCYCLE, SCOOTER, MOPED, ETC. ONLY",DAMAGED 1 MINIMUM,NA,NA,NA,NA,N,RON'S TOWING SERVICE,"212 W PARKWAY, DENTON, TX 76201",NA,NA,OTHER (EXPLAIN IN NARRATIVE),EAST,Y,1,0,0,0,0,1,0
14946265,2,MOTOR VEHICLE,N,N,TX,1HD1HHZ157K811748,2007,BLK,HARLEY-DAVIDSON,UNKNOWN,MOTORCYCLE,N,77515,1,PROOF OF LIABILITY INSURANCE,FRONT END (RIGHT)  DAMAGE PARTIAL CONTACT,DAMAGED 1 MINIMUM,1,LEFT SIDE DAMAGE ANGULAR IMPACT,DAMAGED 1 MINIMUM,1,N,"","",NONE,NA,NA,SOUTH,Y,0,0,0,1,0,0,0
14934714,2,MOTOR VEHICLE,N,N,TX,JYAVG04E6DA016464,NA,BLU,YAMAHA,UNKNOWN,MOTORCYCLE,N,75935,1,PROOF OF LIABILITY INSURANCE,"MOTORCYCLE, SCOOTER, MOPED, ETC. ONLY",DAMAGED 1 MINIMUM,NA,NA,NA,NA,N,"","",NONE,NA,NA,SOUTH,Y,0,2,0,0,0,2,0
14921295,1,MOTOR VEHICLE,N,Y,TX,JYARJ06E24A019796,2004,BLK,YAMAHA,NA,MOTORCYCLE,N,75234,1,LIABILITY INSURANCE POLICY,BACK END DAMAGE DISTRIBUTED IMPACT,DAMAGED 3,9,NA,NA,NA,Y,HESTERS,HERSTERS,NONE,NA,NA,NORTHEAST,Y,0,0,0,0,1,0,0
14953942,1,MOTOR VEHICLE,N,N,TX,1HD1BVB185Y022997,2005,BLK,HARLEY-DAVIDSON,UNKNOWN,MOTORCYCLE,N,77581,1,PROOF OF LIABILITY INSURANCE,"MOTORCYCLE, SCOOTER, MOPED, ETC. ONLY",DAMAGED 1 MINIMUM,6,"MOTORCYCLE, SCOOTER, MOPED, ETC. ONLY",DAMAGED 1 MINIMUM,9,Y,TAYLOR TOWING,TAYLOR TOWING,FLEEING OR EVADING POLICE,FAULTY EVASIVE ACTION,NA,WEST,Y,0,0,0,1,0,0,0
14930818,2,MOTOR VEHICLE,N,N,TX,2BXNBDD27FV002465,NA,WHI,CAN-AM,NA,MOTORCYCLE,N,75462,1,PROOF OF LIABILITY INSURANCE,FRONT END DAMAGE CONCENTRATED IMPACT,DAMAGED 1 MINIMUM,6,NA,NA,NA,N,NOT TOWED,"",NONE,NA,NA,WEST,Y,0,0,0,1,0,0,0
14968837,1,MOTOR VEHICLE,N,N,TX,VTTGM51A772100986,2007,BLK,SUZUKI,UNKNOWN,MOTORCYCLE,N,77074,1,PROOF OF LIABILITY INSURANCE,"MOTORCYCLE, SCOOTER, MOPED, ETC. ONLY",DAMAGED 1 MINIMUM,9,NA,NA,NA,Y,S & J TOWING,416 BOWER RD HUMBLE TX 77338,FAILED TO DRIVE IN SINGLE LANE,NA,DRIVER INATTENTION,SOUTHWEST,Y,0,0,1,0,0,1,0
15080682,2,MOTOR VEHICLE,N,N,TX,JYAVM01E24A062404,2004,BLU,YAMAHA,UNKNOWN,MOTORCYCLE,N,75082,1,PROOF OF LIABILITY INSURANCE,"MOTORCYCLE, SCOOTER, MOPED, ETC. ONLY",DAMAGED 1 MINIMUM,1,NA,NA,NA,N,"","",NONE,NA,NA,EAST,Y,0,1,0,0,0,1,0
15029878,2,MOTOR VEHICLE,Y,N,TX,JH2SC5152DK100092,NA,BLK,HONDA,NA,MOTORCYCLE,N,78613,1,LIABILITY INSURANCE POLICY,"MOTORCYCLE, SCOOTER, MOPED, ETC. ONLY",DAMAGED 1 MINIMUM,6,NA,NA,NA,N,LAKESIDE TOWING (512)259-6620,"911 QUEST PARKWAY, CEDAR PARK, TX 78613",NONE,NA,NA,SOUTHEAST,Y,0,0,0,0,0,0,0
15081679,1,MOTOR VEHICLE,N,N,TX,JS1GN7DA172109118,2007,BLK,SUZUKI,NA,MOTORCYCLE,N,78046,1,LIABILITY INSURANCE POLICY,DISTRIBUTED LEFT SIDE DAMAGE PARALLEL IMPACT,DAMAGED 4,10,DISTRIBUTED RIGHT SIDE DAMAGE PARALLEL IMPACT,DAMAGED 4,2,N,CITY TOWING,1205 N JARVIS,FAILED TO CONTROL SPEED,NA,NA,NORTH,Y,0,1,0,0,0,1,0
15002393,1,MOTOR VEHICLE,N,N,TX,WB10179089ZW16589,NA,RED,BMW,UNKNOWN,MOTORCYCLE,N,78741,1,PROOF OF LIABILITY INSURANCE,"MOTORCYCLE, SCOOTER, MOPED, ETC. ONLY",DAMAGED 1 MINIMUM,NA,NA,NA,NA,Y,HILL COUNTRY WRECKER 830 693 3226,"1239 HWY 1431, MARBLE FALLS, TX, 78654",UNSAFE SPEED,FLEEING OR EVADING POLICE,NA,SOUTH,Y,1,0,0,0,0,1,0
15561244,1,MOTOR VEHICLE,N,N,TX,1HD1CZ3178K432930,NA,ONG,HARLEY-DAVIDSON,UNKNOWN,MOTORCYCLE,N,75126,1,PROOF OF LIABILITY INSURANCE,FRONT END DAMAGE CONCENTRATED IMPACT,DAMAGED 5,12,NA,NA,NA,N,EDD'S TOWING,2500 BRENNAN AVE,HAD BEEN DRINKING,FAILED TO CONTROL SPEED,NA,NORTHEAST,Y,0,0,1,0,0,1,0
15000451,2,MOTOR VEHICLE,N,N,TX,1HD1CX31X7K429717,2007,BLU,HARLEY-DAVIDSON,UNKNOWN,MOTORCYCLE,N,77514,1,PROOF OF LIABILITY INSURANCE,"MOTORCYCLE, SCOOTER, MOPED, ETC. ONLY",DAMAGED 1 MINIMUM,NA,NA,NA,NA,N,FAMILY,"379 CROSSOVER RD ANAHUAC, TX 77514",NA,NA,FAILED TO SIGNAL OR GAVE WRONG SIGNAL,SOUTH,Y,1,0,0,0,0,1,0
15155063,3,MOTOR VEHICLE,Y,N,TX,1HD1FMM17GB654679,NA,BLK,HARLEY-DAVIDSON,NA,POLICE MOTORCYCLE,Y,77002,1,PROOF OF LIABILITY INSURANCE,"MOTORCYCLE, SCOOTER, MOPED, ETC. ONLY",DAMAGED 1 MINIMUM,NA,NA,NA,NA,N,HPD SOLO DETAIL,4400 TELEPHONE RD.,NONE,NA,NA,SOUTH,N,0,0,0,1,0,0,0
15164226,1,MOTOR VEHICLE,N,N,TX,SMT600FS83J176992,2003,SIL,NA,NA,MOTORCYCLE,N,75067,1,PROOF OF LIABILITY INSURANCE,FRONT END DAMAGE DISTRIBUTED IMPACT,DAMAGED 3,12,NA,NA,NA,N,PRO-TOW,1006 E MAIN ST LEWISVILLE TX,FAILED TO STOP FOR TRAIN,SPEEDING - (OVERLIMIT),NA,NORTH,Y,1,0,0,0,0,1,0
15297174,1,MOTOR VEHICLE,N,N,TX,L5YACBPAXF1129123,NA,BLU,OTHER (EXPLAIN IN NARRATIVE),OTHER (EXPLAIN IN NARRATIVE),MOTORCYCLE,N,77840,1,LIABILITY INSURANCE POLICY,FRONT END DAMAGE DISTRIBUTED IMPACT,DAMAGED 3,12,LEFT BACK QUARTER DAMAGE ANGULAR IMPACT,DAMAGED 3,5,N,EXCEL,"1804 FINFEATHER, BRYAN",FAILED TO YIELD ROW - STOP SIGN,NA,NA,WEST,Y,0,1,0,0,0,1,0
15210724,2,MOTOR VEHICLE,N,N,TX,1HD1JK5118Y054661,NA,BLK,HARLEY-DAVIDSON,NA,MOTORCYCLE,N,79102,1,PROOF OF LIABILITY INSURANCE,"MOTORCYCLE, SCOOTER, MOPED, ETC. ONLY",DAMAGED 1 MINIMUM,11,NA,NA,NA,N,"","",NONE,NA,NA,WEST,Y,0,1,0,0,0,1,0
15219650,1,MOTOR VEHICLE,N,N,TX,1HD1CT317GC437941,NA,ONG,HARLEY-DAVIDSON,NA,MOTORCYCLE,N,76574,1,PROOF OF LIABILITY INSURANCE,DISTRIBUTED LEFT SIDE DAMAGE PARALLEL IMPACT,DAMAGED 1 MINIMUM,11,RIGHT SIDE DAMAGE ANGULAR IMPACT,DAMAGED 1 MINIMUM,3,N,NOT TOWED,LEFT ON SCENE,FAILED TO CONTROL SPEED,NA,NA,NORTH,Y,0,1,0,0,0,1,0
15164795,1,MOTOR VEHICLE,N,N,TX,JS1VS52A7P2103895,1993,BLK,SUZUKI,UNKNOWN,MOTORCYCLE,N,76384,2,NA,"MOTORCYCLE, SCOOTER, MOPED, ETC. ONLY",DAMAGED 1 MINIMUM,NA,NA,NA,NA,Y,GOODRUM'S WRECKER,"6591 BUS. HWY 287, VERNON, TX 76384",UNDER INFLUENCE - ALCOHOL,UNDER INFLUENCE - DRUG,NA,SOUTHEAST,Y,1,0,0,0,0,1,0
15191566,2,MOTOR VEHICLE,N,N,TX,JS1GN7CA742110111,2004,WHI,SUZUKI,UNKNOWN,MOTORCYCLE,N,76248,1,PROOF OF LIABILITY INSURANCE,"MOTORCYCLE, SCOOTER, MOPED, ETC. ONLY",DAMAGED 1 MINIMUM,NA,NA,NA,NA,N,SIGNATURE TOWING OF TEXAS,"1204 MUNICIPAL AVE., PLANO TX",SPEEDING - (OVERLIMIT),UNDER INFLUENCE - DRUG,NA,NORTH,Y,0,0,0,0,0,0,1
15205415,1,MOTOR VEHICLE,N,N,TX,1HD1GYM13FC317844,NA,WHI,HARLEY-DAVIDSON,NA,MOTORCYCLE,N,77586,1,PROOF OF LIABILITY INSURANCE,"MOTORCYCLE, SCOOTER, MOPED, ETC. ONLY",DAMAGED 1 MINIMUM,1,NA,NA,NA,N,"","",HAD BEEN DRINKING,NA,NA,NORTHEAST,Y,0,1,0,0,0,1,0
15229398,3,MOTOR VEHICLE,N,N,TX,JYAVP11E27A094531,2007,GRY,YAMAHA,NA,MOTORCYCLE,N,76010,1,PROOF OF LIABILITY INSURANCE,"MOTORCYCLE, SCOOTER, MOPED, ETC. ONLY",DAMAGED 1 MINIMUM,6,NA,NA,NA,N,DRIVER,RELEASED,NONE,NA,NA,SOUTHEAST,N,0,0,0,1,0,0,0
15425248,4,MOTOR VEHICLE,N,N,TX,RFVPAP5A6F1117757,NA,BLK,NA,NA,MOTORCYCLE,N,77840,1,PROOF OF LIABILITY INSURANCE,NA,NA,NA,NA,NA,NA,N,"","",NA,NA,FAULTY EVASIVE ACTION,WEST,Y,0,0,1,0,0,1,0
15338625,1,MOTOR VEHICLE,N,N,TX,L9NTEACT0E1009214,NA,BLU,ALL OTHER MAKES,UNKNOWN,MOTORCYCLE,N,75757,1,PROOF OF LIABILITY INSURANCE,"MOTORCYCLE, SCOOTER, MOPED, ETC. ONLY",DAMAGED 1 MINIMUM,NA,NA,NA,NA,Y,CROW TOWING,"2929 CROW RD.; TYLER, TX",UNDER INFLUENCE - ALCOHOL,NA,NA,SOUTH,Y,1,0,0,0,0,1,0
15352001,1,MOTOR VEHICLE,N,N,TX,1HD1JT914GC011377,NA,BLK,HARLEY-DAVIDSON,NA,MOTORCYCLE,N,77845,1,PROOF OF LIABILITY INSURANCE,RIGHT FRONT QUARTER DAMAGE ANGULAR IMPACT,DAMAGED 2,3,BACK END DAMAGE DISTRIBUTED IMPACT,DAMAGED 2,6,N,"","",FAILED TO YIELD ROW - TURNING LEFT,NA,NA,NORTH,Y,1,0,0,0,0,1,0
15389820,2,MOTOR VEHICLE,N,N,TX,1HD1GDV483K340801,2003,BLK,HARLEY-DAVIDSON,UNKNOWN,MOTORCYCLE,N,78228,1,PROOF OF LIABILITY INSURANCE,FRONT END DAMAGE CONCENTRATED IMPACT,DAMAGED 3,3,NA,NA,NA,N,CONTRACT,422 STEVES,FAULTY EVASIVE ACTION,NA,NA,WEST,Y,0,1,0,0,0,1,0
15384911,1,MOTOR VEHICLE,N,N,TX,1HFSC220XPA504624,1993,BLK,HONDA,UNKNOWN,MOTORCYCLE,N,78239,1,PROOF OF LIABILITY INSURANCE,LEFT SIDE DAMAGE ANGULAR IMPACT,DAMAGED 1 MINIMUM,9,RIGHT SIDE DAMAGE ANGULAR IMPACT,DAMAGED 1 MINIMUM,3,N,OWNER,OWNER,DRIVER INATTENTION,OTHER (EXPLAIN IN NARRATIVE),NA,NORTH,Y,0,0,1,0,0,1,0
14917647,4,MOTOR VEHICLE,Y,N,TX,1HD1CLP184K404197,2004,BLK,HARLEY-DAVIDSON,NA,MOTORCYCLE,N,78741,1,PROOF OF LIABILITY INSURANCE,BACK END DAMAGE CONCENTRATED IMPACT,DAMAGED 2,6,FRONT END DAMAGE CONCENTRATED IMPACT,DAMAGED 2,12,N,"","",NONE,NA,NA,NORTHEAST,N,0,0,0,0,0,0,0
14855428,2,MOTOR VEHICLE,N,N,TX,JH2PC0814GM300881,1986,BLK,HONDA,UNKNOWN,MOTORCYCLE,N,79904,2,NA,LEFT SIDE DAMAGE ANGULAR IMPACT,DAMAGED 2,3,NA,NA,NA,N,"","",NONE,NA,NA,EAST,Y,0,0,1,0,0,1,0
14871580,1,MOTOR VEHICLE,N,Y,TX,JS1CP51A762100200,2006,WHI,SUZUKI,NA,MOTORCYCLE,N,76209,1,PROOF OF LIABILITY INSURANCE,BACK END (LEFT) DAMAGE PARTIAL CONTACT,DAMAGED 1 MINIMUM,6,DISTRIBUTED RIGHT SIDE DAMAGE PARALLEL IMPACT,DAMAGED 1 MINIMUM,12,"","","",NONE,NA,NA,EAST,Y,0,0,0,1,0,0,0
14912824,3,MOTOR VEHICLE,N,N,TX,JS1VP53A882102420,NA,BLU,SUZUKI,NA,MOTORCYCLE,N,79924,1,PROOF OF LIABILITY INSURANCE,"MOTORCYCLE, SCOOTER, MOPED, ETC. ONLY",DAMAGED 1 MINIMUM,6,NA,NA,NA,N,EXTREME TOWING,11615 RAILROAD,NONE,NA,NA,EAST,N,0,0,1,0,0,1,0
14883240,2,MOTOR VEHICLE,N,N,TX,4MZKP01D193000375,NA,BLK,BUELL,NA,MOTORCYCLE,N,77357,1,PROOF OF LIABILITY INSURANCE,"MOTORCYCLE, SCOOTER, MOPED, ETC. ONLY",DAMAGED 1 MINIMUM,NA,NA,NA,NA,Y,EMC TOWING 281-689-8697,"22855 GASOLINE ALLEY NEW CANEY, TX 77357",NONE,NA,NA,WEST,Y,0,0,0,0,0,0,1
15112897,2,MOTOR VEHICLE,N,N,TX,1HD1KRM19FB626051,NA,BLK,HARLEY-DAVIDSON,NA,MOTORCYCLE,N,79912,2,NA,FRONT END DAMAGE DISTRIBUTED IMPACT,DAMAGED 6,12,NA,NA,NA,N,QD TOWING,11615 RAILROAD,NONE,NA,NA,SOUTH,Y,0,2,0,0,0,2,0
15068750,1,MOTOR VEHICLE,N,N,TX,JS1GN79A6W2100485,1998,BLU,SUZUKI,NA,MOTORCYCLE,N,77340,1,PROOF OF LIABILITY INSURANCE,FRONT END DAMAGE DISTRIBUTED IMPACT,DAMAGED 2,NA,DISTRIBUTED RIGHT SIDE DAMAGE PARALLEL IMPACT,DAMAGED 1 MINIMUM,NA,N,HUNTSVILLE DISCOUNT TIRE,309 SH 75N,FAULTY EVASIVE ACTION,NA,NA,EAST,Y,0,0,0,1,0,0,0
14992005,1,MOTOR VEHICLE,N,N,TX,JYAVP17E75A012135,2005,BLK,YAMAHA,UNKNOWN,MOTORCYCLE,N,75035,1,PROOF OF LIABILITY INSURANCE,BACK END (LEFT) DAMAGE PARTIAL CONTACT,DAMAGED 1 MINIMUM,7,NA,NA,NA,N,DRIVEN OFF BY OWNER,"",DRIVER INATTENTION,OTHER (EXPLAIN IN NARRATIVE),NA,NORTHWEST,Y,0,0,0,1,0,0,0
15028018,2,MOTOR VEHICLE,N,N,TX,MLHNC5216F5102380,NA,RED,HONDA,NA,MOTORCYCLE,N,77095,2,NA,DISTRIBUTED RIGHT SIDE DAMAGE PARALLEL IMPACT,DAMAGED 2,3,FRONT END DAMAGE CONCENTRATED IMPACT,NO DAMAGE,12,N,NORTHWAY WRECKER CHIP #891,7938 WRIGHT RD. #B,NONE,NA,NA,NORTH,Y,0,0,0,1,0,0,0
15190908,1,MOTOR VEHICLE,N,N,TX,JS1GW71A262101142,2006,GRY,SUZUKI,NA,MOTORCYCLE,N,79763,1,PROOF OF LIABILITY INSURANCE,"MOTORCYCLE, SCOOTER, MOPED, ETC. ONLY",DAMAGED 1 MINIMUM,1,NA,NA,NA,N,NEAL POOL RECKERS,"1117 S. GRANT AVE ODESSA, TX 79761",FAILED TO DRIVE IN SINGLE LANE,NA,DRIVER INATTENTION,WEST,Y,0,1,0,0,0,1,0
14991859,3,MOTOR VEHICLE,N,N,TX,1HD4LE219DC442483,NA,BLK,HARLEY-DAVIDSON,UNKNOWN,MOTORCYCLE,N,77057,1,PROOF OF LIABILITY INSURANCE,"MOTORCYCLE, SCOOTER, MOPED, ETC. ONLY",DAMAGED 1 MINIMUM,NA,NA,NA,NA,Y,SARAH INVESTMENTS,4004 ARC,NONE,NA,NA,WEST,N,1,0,0,0,0,1,0
15079182,1,MOTOR VEHICLE,N,N,TX,JKAVN2C197A005722,2007,BLK,KAWASAKI,UNKNOWN,MOTORCYCLE,N,90024,1,LIABILITY INSURANCE POLICY,DISTRIBUTED RIGHT SIDE DAMAGE PARALLEL IMPACT,DAMAGED 2,6,NA,NA,NA,N,TOWED BY 3RD PARTY,"",DRIVER INATTENTION,FAILED TO CONTROL SPEED,NA,NORTHWEST,Y,0,1,0,0,0,1,0
15088403,2,MOTOR VEHICLE,N,N,TX,JS1GR7MA3F2100245,NA,BLU,SUZUKI,NA,MOTORCYCLE,N,78539,1,PROOF OF LIABILITY INSURANCE,"MOTORCYCLE, SCOOTER, MOPED, ETC. ONLY",DAMAGED 1 MINIMUM,NA,NA,NA,NA,N,"","",NONE,NA,NA,WEST,Y,0,0,1,0,0,1,0
15155720,1,MOTOR VEHICLE,N,N,TX,1HD4CEM14NY112140,1992,MAR,HARLEY-DAVIDSON,UNKNOWN,MOTORCYCLE,N,79339,2,NA,"MOTORCYCLE, SCOOTER, MOPED, ETC. ONLY",DAMAGED 1 MINIMUM,1,"MOTORCYCLE, SCOOTER, MOPED, ETC. ONLY",DAMAGED 1 MINIMUM,1,N,"",RELEASED AT SCENE,UNSAFE SPEED,NA,NA,WEST,Y,0,1,0,0,0,1,0
15153670,1,MOTOR VEHICLE,N,N,TX,JS1GR7NA4F2102214,NA,BLK,SUZUKI,NA,MOTORCYCLE,N,75428,2,NA,FRONT END DAMAGE DISTRIBUTED IMPACT,DAMAGED 2,12,DISTRIBUTED RIGHT SIDE DAMAGE PARALLEL IMPACT,DAMAGED 2,3,N,"","",ANIMAL ON ROAD- WILD,NA,NA,WEST,Y,0,1,0,0,0,1,0
15218791,2,MOTOR VEHICLE,N,N,TX,1HFSC526X6A308011,2006,BLK,HONDA,NA,MOTORCYCLE,N,75757,1,PROOF OF LIABILITY INSURANCE,"MOTORCYCLE, SCOOTER, MOPED, ETC. ONLY",DAMAGED 1 MINIMUM,NA,NA,NA,NA,Y,CROW TOWING  903-561-2769,"2929 CROW RD; TYLER, TX 75703",NONE,NA,NA,NORTH,Y,1,0,0,0,0,1,0
15213233,2,MOTOR VEHICLE,N,N,TX,1HD1JD5187Y021280,2007,RED,HARLEY-DAVIDSON,UNKNOWN,MOTORCYCLE,N,78355,2,NA,"MOTORCYCLE, SCOOTER, MOPED, ETC. ONLY",DAMAGED 1 MINIMUM,NA,NA,NA,NA,Y,HUGHES WRECKER,4526 E. SANTA GERTRUDIS,NONE,NA,NA,SOUTH,Y,0,0,1,0,0,1,0
15238743,2,MOTOR VEHICLE,N,N,TX,JS1GP71L6C2106953,1982,99,SUZUKI,UNKNOWN,MOTORCYCLE,N,77084,2,NA,FRONT END DAMAGE DISTRIBUTED IMPACT,DAMAGED 4,12,NA,NA,NA,Y,AZLE TOWING,"12101 JACKSBORO HWY, AZLE TX 76020",FAULTY EVASIVE ACTION,NA,NA,NORTH,Y,0,0,0,0,0,0,1
15165410,1,MOTOR VEHICLE,N,N,TX,9D10871H4,1974,PLE,HARLEY-DAVIDSON,UNKNOWN,MOTORCYCLE,N,76137,1,PROOF OF LIABILITY INSURANCE,"MOTORCYCLE, SCOOTER, MOPED, ETC. ONLY",DAMAGED 1 MINIMUM,1,NA,NA,NA,"",AA WRECKER,5709 B DENTON HIGHWAY,UNDER INFLUENCE - ALCOHOL,NA,NA,WEST,Y,0,0,0,1,0,0,0
15172548,1,MOTOR VEHICLE,N,N,TX,JS1GN7CA152110395,2005,BLK,SUZUKI,NA,MOTORCYCLE,N,79934,1,PROOF OF LIABILITY INSURANCE,FRONT END DAMAGE DISTRIBUTED IMPACT,DAMAGED 1 MINIMUM,11,LEFT SIDE DAMAGE ANGULAR IMPACT,DAMAGED 3,9,N,"","",FAILED TO CONTROL SPEED,NA,DRIVER INATTENTION,NORTH,Y,0,1,0,0,0,1,0
15215739,2,MOTOR VEHICLE,N,N,TX,JH2SC500X2M003052,2002,RED,HONDA,NA,MOTORCYCLE,N,76131,1,PROOF OF LIABILITY INSURANCE,"MOTORCYCLE, SCOOTER, MOPED, ETC. ONLY",DAMAGED 1 MINIMUM,NA,NA,NA,NA,N,ECONOMY TOWING,ECONOMY TOWING STORAGE FACILITY,NONE,NA,NA,WEST,Y,0,2,0,0,0,2,0
15166323,2,MOTOR VEHICLE,N,N,TX,JH2RC50006M203023,2006,PLE,HONDA,NA,MOTORCYCLE,N,75455,1,PROOF OF LIABILITY INSURANCE,"MOTORCYCLE, SCOOTER, MOPED, ETC. ONLY",DAMAGED 1 MINIMUM,NA,NA,NA,NA,Y,DICKEY MORROW,US 67 E MT PLEASANT TX 75455,NONE,NA,NA,EAST,Y,0,1,0,0,0,1,0
15198532,2,MOTOR VEHICLE,N,N,TX,1HD1CT3187K410978,2007,BLK,HARLEY-DAVIDSON,NA,MOTORCYCLE,N,76208,1,PROOF OF LIABILITY INSURANCE,"MOTORCYCLE, SCOOTER, MOPED, ETC. ONLY",DAMAGED 1 MINIMUM,6,NA,NA,NA,N,"","",NONE,NA,NA,SOUTHWEST,Y,0,0,0,1,0,0,0
15252022,1,MOTOR VEHICLE,N,N,TX,1HD4CR215BC415964,NA,WHI,HARLEY-DAVIDSON,NA,MOTORCYCLE,N,77511,1,PROOF OF LIABILITY INSURANCE,"MOTORCYCLE, SCOOTER, MOPED, ETC. ONLY",DAMAGED 1 MINIMUM,12,NA,NA,NA,Y,EASTSIDE WRECKER SERVICE,580 DICKINSON RD ALVIN TX 77511,UNDER INFLUENCE - ALCOHOL,NA,NA,WEST,Y,0,1,0,0,0,1,0
15153908,2,MOTOR VEHICLE,N,N,TX,1HFSC370XWA000524,1998,MAR,HONDA,UNKNOWN,MOTORCYCLE,N,77354,1,LIABILITY INSURANCE POLICY,BACK END DAMAGE CONCENTRATED IMPACT,DAMAGED 5,12,BACK END DAMAGE CONCENTRATED IMPACT,DAMAGED 5,12,N,PRASIFKA WRECKER SERVICE,2012 S IH-45 HUTCHINS TX 75141,DISTRACTION IN VEHICLE,DRIVER INATTENTION,NA,NORTH,Y,1,0,0,0,0,1,0
15156395,1,MOTOR VEHICLE,N,N,TX,1HD1GDV1X2Y316629,2002,GRN,HARLEY-DAVIDSON,NA,MOTORCYCLE,N,76444,1,PROOF OF LIABILITY INSURANCE,LEFT SIDE AND TOP DAMAGE ROLLOVER EFFECTS,DAMAGED 3,12,NA,NA,NA,N,GARCIA'S WRECKER SERVCIE,GARCIA'S WRECK YARD,NONE,NA,NA,SOUTH,Y,0,0,0,0,0,0,1
15201086,2,MOTOR VEHICLE,N,N,TX,1HD1BWV11FB024726,NA,BLK,HARLEY-DAVIDSON,NA,MOTORCYCLE,N,77382,1,PROOF OF LIABILITY INSURANCE,"MOTORCYCLE, SCOOTER, MOPED, ETC. ONLY",DAMAGED 1 MINIMUM,NA,NA,NA,NA,N,"","",NONE,NA,NA,WEST,Y,0,0,0,1,0,0,0
15489485,2,MOTOR VEHICLE,N,N,PA,1HD4CEM10NY117822,1992,BLK,HARLEY-DAVIDSON,NA,MOTORCYCLE,N,15717,2,NA,BACK END DAMAGE CONCENTRATED IMPACT,DAMAGED 3,6,NA,NA,NA,N,"","",NONE,NA,NA,SOUTH,Y,0,0,0,1,0,0,0
15344553,2,MOTOR VEHICLE,N,N,TX,1HD1BX5139Y062059,NA,BLU,HARLEY-DAVIDSON,NA,MOTORCYCLE,N,78133,1,LIABILITY INSURANCE POLICY,"MOTORCYCLE, SCOOTER, MOPED, ETC. ONLY",DAMAGED 1 MINIMUM,NA,NA,NA,NA,N,DRIVEN OFF,"",NONE,NA,NA,SOUTHEAST,Y,0,1,0,0,0,1,0
15359650,1,MOTOR VEHICLE,N,N,TX,JKBVNAE143A112030,2003,BLK,KAWASAKI,UNKNOWN,MOTORCYCLE,N,74143,1,LIABILITY INSURANCE POLICY,LEFT SIDE AND TOP DAMAGE ROLLOVER EFFECTS,DAMAGED 2,10,NA,NA,NA,Y,HAVERY'S TOWING,"101 TX-274, KEMP, TX75143",UNSAFE SPEED,NA,NA,NORTH,Y,1,0,0,0,0,1,0
15330506,1,MOTOR VEHICLE,N,N,TX,JYAVP11E0XA002171,1999,RED,YAMAHA,UNKNOWN,MOTORCYCLE,N,79714,1,PROOF OF LIABILITY INSURANCE,"MOTORCYCLE, SCOOTER, MOPED, ETC. ONLY",DAMAGED 1 MINIMUM,NA,NA,NA,NA,Y,WRECKIN CREW (ROTATION),"603 SW  AVE E, ANDREWS, TX, 79714",UNSAFE SPEED,NA,HAD BEEN DRINKING,NORTHWEST,Y,0,1,0,0,0,1,0
14878676,1,MOTOR VEHICLE,N,N,TX,1HD1KEL10EB645631,NA,BLU,HARLEY-DAVIDSON,NA,MOTORCYCLE,N,75459,2,NA,FRONT END DAMAGE DISTRIBUTED IMPACT,DAMAGED 6,12,FRONT END (RIGHT)  DAMAGE PARTIAL CONTACT,DAMAGED 5,1,N,ADAMS AUTOMOTIVE,"85 REDDEN RD, VANALSTYNE TX",DRIVER INATTENTION,PASSED IN NO PASSING LANE,FAILED TO CONTROL SPEED,EAST,Y,1,0,0,0,0,1,0